--
-- PostgreSQL database dump
--

\restrict tirTTvWoflXCniFLx9s4Vlyx2UhMbx80NO4R9hQVtXu0C5fcr7SvhXBRIAflngu

-- Dumped from database version 16.10
-- Dumped by pg_dump version 16.10 (Ubuntu 16.10-0ubuntu0.24.04.1)

SET statement_timeout = 0;
SET lock_timeout = 0;
SET idle_in_transaction_session_timeout = 0;
SET client_encoding = 'UTF8';
SET standard_conforming_strings = on;
SELECT pg_catalog.set_config('search_path', '', false);
SET check_function_bodies = false;
SET xmloption = content;
SET client_min_messages = warning;
SET row_security = off;

--
-- Data for Name: hdb_action_log; Type: TABLE DATA; Schema: hdb_catalog; Owner: wms_user
--



--
-- Data for Name: hdb_cron_events; Type: TABLE DATA; Schema: hdb_catalog; Owner: wms_user
--



--
-- Data for Name: hdb_cron_event_invocation_logs; Type: TABLE DATA; Schema: hdb_catalog; Owner: wms_user
--



--
-- Data for Name: hdb_metadata; Type: TABLE DATA; Schema: hdb_catalog; Owner: wms_user
--

INSERT INTO hdb_catalog.hdb_metadata (id, metadata, resource_version) VALUES (1, '{"sources":[{"configuration":{"connection_info":{"database_url":{"from_env":"HASURA_GRAPHQL_DATABASE_URL"},"isolation_level":"read-committed","pool_settings":{"connection_lifetime":600,"idle_timeout":180,"max_connections":50,"retries":1},"use_prepared_statements":true}},"kind":"postgres","name":"default","tables":[{"array_relationships":[{"name":"products","using":{"foreign_key_constraint_on":{"column":"brandId","table":{"name":"Product","schema":"public"}}}}],"table":{"name":"Brand","schema":"public"}},{"table":{"name":"BundleItem","schema":"public"}},{"table":{"name":"ChannelPrice","schema":"public"}},{"table":{"name":"Company","schema":"public"}},{"array_relationships":[{"name":"salesOrders","using":{"foreign_key_constraint_on":{"column":"customerId","table":{"name":"SalesOrder","schema":"public"}}}}],"table":{"name":"Customer","schema":"public"}},{"object_relationships":[{"name":"location","using":{"foreign_key_constraint_on":"locationId"}},{"name":"product","using":{"foreign_key_constraint_on":"productId"}}],"select_permissions":[{"permission":{"columns":"*","filter":{}},"role":"picker"}],"table":{"name":"Inventory","schema":"public"}},{"object_relationships":[{"name":"warehouse","using":{"foreign_key_constraint_on":"warehouseId"}}],"select_permissions":[{"permission":{"columns":"*","filter":{}},"role":"picker"}],"table":{"name":"Location","schema":"public"}},{"select_permissions":[{"permission":{"columns":"*","filter":{}},"role":"packer"},{"permission":{"columns":"*","filter":{}},"role":"picker"}],"table":{"name":"PickItem","schema":"public"}},{"select_permissions":[{"permission":{"columns":"*","filter":{}},"role":"packer"},{"permission":{"columns":"*","filter":{}},"role":"picker"}],"table":{"name":"PickList","schema":"public"}},{"array_relationships":[{"name":"inventoryItems","using":{"foreign_key_constraint_on":{"column":"productId","table":{"name":"Inventory","schema":"public"}}}}],"object_relationships":[{"name":"brand","using":{"foreign_key_constraint_on":"brandId"}}],"select_permissions":[{"permission":{"columns":"*","filter":{}},"role":"packer"},{"permission":{"columns":"*","filter":{}},"role":"picker"}],"table":{"name":"Product","schema":"public"}},{"table":{"name":"ReplenishmentConfig","schema":"public"}},{"table":{"name":"ReplenishmentTask","schema":"public"}},{"table":{"name":"SalesChannel","schema":"public"}},{"array_relationships":[{"name":"salesOrderItems","using":{"foreign_key_constraint_on":{"column":"orderId","table":{"name":"SalesOrderItem","schema":"public"}}}}],"object_relationships":[{"name":"customer","using":{"foreign_key_constraint_on":"customerId"}}],"select_permissions":[{"permission":{"columns":"*","filter":{}},"role":"packer"}],"table":{"name":"SalesOrder","schema":"public"}},{"object_relationships":[{"name":"product","using":{"foreign_key_constraint_on":"productId"}}],"select_permissions":[{"permission":{"columns":"*","filter":{}},"role":"packer"}],"table":{"name":"SalesOrderItem","schema":"public"}},{"table":{"name":"Supplier","schema":"public"}},{"table":{"name":"Transfer","schema":"public"}},{"table":{"name":"TransferItem","schema":"public"}},{"table":{"name":"User","schema":"public"}},{"array_relationships":[{"name":"locations","using":{"foreign_key_constraint_on":{"column":"warehouseId","table":{"name":"Location","schema":"public"}}}}],"select_permissions":[{"permission":{"columns":"*","filter":{}},"role":"picker"}],"table":{"name":"Warehouse","schema":"public"}},{"select_permissions":[{"permission":{"columns":"*","filter":{}},"role":"picker"}],"table":{"name":"Zone","schema":"public"}}]}],"version":3}', 36);


--
-- Data for Name: hdb_scheduled_events; Type: TABLE DATA; Schema: hdb_catalog; Owner: wms_user
--



--
-- Data for Name: hdb_scheduled_event_invocation_logs; Type: TABLE DATA; Schema: hdb_catalog; Owner: wms_user
--



--
-- Data for Name: hdb_schema_notifications; Type: TABLE DATA; Schema: hdb_catalog; Owner: wms_user
--

INSERT INTO hdb_catalog.hdb_schema_notifications (id, notification, resource_version, instance_id, updated_at) VALUES (1, '{"metadata":false,"remote_schemas":[],"sources":[],"data_connectors":[]}', 36, 'b437d48f-4ce7-48a5-b710-e0cfab2e0c04', '2025-11-22 10:09:55.753361+00');


--
-- Data for Name: hdb_version; Type: TABLE DATA; Schema: hdb_catalog; Owner: wms_user
--

INSERT INTO hdb_catalog.hdb_version (hasura_uuid, version, upgraded_on, cli_state, console_state, ee_client_id, ee_client_secret) VALUES ('1a487be1-16d2-4118-b93b-9cd83b92d3d7', '48', '2025-11-22 10:02:27.580969+00', '{}', '{}', NULL, NULL);


--
-- Data for Name: Company; Type: TABLE DATA; Schema: public; Owner: wms_user
--

INSERT INTO public."Company" (id, name, code, description, address, phone, email, "createdAt", "updatedAt") VALUES ('53c65d84-4606-4b0a-8aa5-6eda9e50c3df', 'Kiaan Food Distribution Ltd', 'KIAAN', 'Premium food and snack distribution', '123 Distribution Lane, London, UK', '+44 20 1234 5678', 'info@kiaan-distribution.com', '2025-11-19 11:44:07.346', '2025-11-19 11:44:07.346');


--
-- Data for Name: Brand; Type: TABLE DATA; Schema: public; Owner: wms_user
--

INSERT INTO public."Brand" (id, name, code, description, "companyId", "createdAt", "updatedAt") VALUES ('da5f9b0c-5cf8-4305-b933-cceecf38c2d2', 'Nakd', 'NAKD', 'Nakd healthy snack brand', '53c65d84-4606-4b0a-8aa5-6eda9e50c3df', '2025-11-19 11:44:07.546', '2025-11-19 11:44:07.546');
INSERT INTO public."Brand" (id, name, code, description, "companyId", "createdAt", "updatedAt") VALUES ('33b36206-dbe7-4732-bd6c-ef27dfc5e18a', 'Graze', 'GRAZE', 'Graze healthy snack brand', '53c65d84-4606-4b0a-8aa5-6eda9e50c3df', '2025-11-19 11:44:07.55', '2025-11-19 11:44:07.55');
INSERT INTO public."Brand" (id, name, code, description, "companyId", "createdAt", "updatedAt") VALUES ('abf1cb51-935c-4931-9146-a9f541f36771', 'KIND', 'KIND', 'KIND healthy snack brand', '53c65d84-4606-4b0a-8aa5-6eda9e50c3df', '2025-11-19 11:44:07.552', '2025-11-19 11:44:07.552');
INSERT INTO public."Brand" (id, name, code, description, "companyId", "createdAt", "updatedAt") VALUES ('73ae9ec4-896c-4451-b699-0921c164345d', 'Nature Valley', 'NTVLY', 'Nature Valley healthy snack brand', '53c65d84-4606-4b0a-8aa5-6eda9e50c3df', '2025-11-19 11:44:07.554', '2025-11-19 11:44:07.554');
INSERT INTO public."Brand" (id, name, code, description, "companyId", "createdAt", "updatedAt") VALUES ('6b476008-18ff-4db3-ae42-a5d6bbf8ca20', 'Clif Bar', 'CLIF', 'Clif Bar healthy snack brand', '53c65d84-4606-4b0a-8aa5-6eda9e50c3df', '2025-11-19 11:44:07.556', '2025-11-19 11:44:07.556');
INSERT INTO public."Brand" (id, name, code, description, "companyId", "createdAt", "updatedAt") VALUES ('e072d09d-12d5-4582-a28f-63466d5da1e1', 'RXBAR', 'RX', 'RXBAR healthy snack brand', '53c65d84-4606-4b0a-8aa5-6eda9e50c3df', '2025-11-19 11:44:07.56', '2025-11-19 11:44:07.56');
INSERT INTO public."Brand" (id, name, code, description, "companyId", "createdAt", "updatedAt") VALUES ('5f1c9169-b947-429a-8de2-a9235c3a526c', 'Quest', 'QUEST', 'Quest healthy snack brand', '53c65d84-4606-4b0a-8aa5-6eda9e50c3df', '2025-11-19 11:44:07.563', '2025-11-19 11:44:07.563');
INSERT INTO public."Brand" (id, name, code, description, "companyId", "createdAt", "updatedAt") VALUES ('7884442b-3d8d-4915-bbac-ecc90f502ab9', 'LÄRABAR', 'LARA', 'LÄRABAR healthy snack brand', '53c65d84-4606-4b0a-8aa5-6eda9e50c3df', '2025-11-19 11:44:07.565', '2025-11-19 11:44:07.565');
INSERT INTO public."Brand" (id, name, code, description, "companyId", "createdAt", "updatedAt") VALUES ('9ebca3c2-596a-4cf9-9df8-a0730cbf1fae', 'GoMacro', 'GMCRO', 'GoMacro healthy snack brand', '53c65d84-4606-4b0a-8aa5-6eda9e50c3df', '2025-11-19 11:44:07.567', '2025-11-19 11:44:07.567');
INSERT INTO public."Brand" (id, name, code, description, "companyId", "createdAt", "updatedAt") VALUES ('a6e2ac00-1b8d-4dd4-8006-6f82131168fd', 'Booja-Booja', 'BOOJA', 'Booja-Booja healthy snack brand', '53c65d84-4606-4b0a-8aa5-6eda9e50c3df', '2025-11-19 11:44:07.569', '2025-11-19 11:44:07.569');


--
-- Data for Name: Product; Type: TABLE DATA; Schema: public; Owner: wms_user
--

INSERT INTO public."Product" (id, sku, name, description, barcode, "companyId", "brandId", type, status, length, width, height, weight, "dimensionUnit", "weightUnit", "costPrice", "sellingPrice", currency, "isPerishable", "requiresBatch", "requiresSerial", "shelfLifeDays", images, "createdAt", "updatedAt") VALUES ('c2bf33c2-65da-4800-99d8-f510431025f2', 'NAKD-001', 'Nakd Cashew Cookie', 'Nakd Cashew Cookie Bar - Single Unit', '114065306382', '53c65d84-4606-4b0a-8aa5-6eda9e50c3df', 'da5f9b0c-5cf8-4305-b933-cceecf38c2d2', 'SIMPLE', 'ACTIVE', 15, 5, 2, 0.05, 'cm', 'kg', 0.75, 1.5, 'GBP', true, true, false, 365, '{}', '2025-11-19 11:44:07.572', '2025-11-19 11:44:07.572');
INSERT INTO public."Product" (id, sku, name, description, barcode, "companyId", "brandId", type, status, length, width, height, weight, "dimensionUnit", "weightUnit", "costPrice", "sellingPrice", currency, "isPerishable", "requiresBatch", "requiresSerial", "shelfLifeDays", images, "createdAt", "updatedAt") VALUES ('35175ef5-1dad-4ca8-88cb-cf8e49624ec0', 'NAKD-BDL-001', 'Nakd Cashew Cookie - 12 Pack', 'Nakd Cashew Cookie Bar - Case of 12', '182375866943', '53c65d84-4606-4b0a-8aa5-6eda9e50c3df', 'da5f9b0c-5cf8-4305-b933-cceecf38c2d2', 'BUNDLE', 'ACTIVE', 30, 20, 10, 0.6, 'cm', 'kg', 9, 15, 'GBP', true, true, false, 365, '{}', '2025-11-19 11:44:07.577', '2025-11-19 11:44:07.577');
INSERT INTO public."Product" (id, sku, name, description, barcode, "companyId", "brandId", type, status, length, width, height, weight, "dimensionUnit", "weightUnit", "costPrice", "sellingPrice", currency, "isPerishable", "requiresBatch", "requiresSerial", "shelfLifeDays", images, "createdAt", "updatedAt") VALUES ('575bb91e-4ae2-4841-931e-fb1667ce544e', 'NAKD-002', 'Nakd Cocoa Delight', 'Nakd Cocoa Delight Bar - Single Unit', '94972750091', '53c65d84-4606-4b0a-8aa5-6eda9e50c3df', 'da5f9b0c-5cf8-4305-b933-cceecf38c2d2', 'SIMPLE', 'ACTIVE', 15, 5, 2, 0.05, 'cm', 'kg', 0.75, 1.5, 'GBP', true, true, false, 365, '{}', '2025-11-19 11:44:07.584', '2025-11-19 11:44:07.584');
INSERT INTO public."Product" (id, sku, name, description, barcode, "companyId", "brandId", type, status, length, width, height, weight, "dimensionUnit", "weightUnit", "costPrice", "sellingPrice", currency, "isPerishable", "requiresBatch", "requiresSerial", "shelfLifeDays", images, "createdAt", "updatedAt") VALUES ('973f1e3a-1157-43f3-aaf4-d444cf252237', 'NAKD-BDL-002', 'Nakd Cocoa Delight - 12 Pack', 'Nakd Cocoa Delight Bar - Case of 12', '333037065171', '53c65d84-4606-4b0a-8aa5-6eda9e50c3df', 'da5f9b0c-5cf8-4305-b933-cceecf38c2d2', 'BUNDLE', 'ACTIVE', 30, 20, 10, 0.6, 'cm', 'kg', 9, 15, 'GBP', true, true, false, 365, '{}', '2025-11-19 11:44:07.588', '2025-11-19 11:44:07.588');
INSERT INTO public."Product" (id, sku, name, description, barcode, "companyId", "brandId", type, status, length, width, height, weight, "dimensionUnit", "weightUnit", "costPrice", "sellingPrice", currency, "isPerishable", "requiresBatch", "requiresSerial", "shelfLifeDays", images, "createdAt", "updatedAt") VALUES ('3f618851-f529-45d2-a466-934713d86aa4', 'NAKD-003', 'Nakd Berry Delight', 'Nakd Berry Delight Bar - Single Unit', '337499273692', '53c65d84-4606-4b0a-8aa5-6eda9e50c3df', 'da5f9b0c-5cf8-4305-b933-cceecf38c2d2', 'SIMPLE', 'ACTIVE', 15, 5, 2, 0.05, 'cm', 'kg', 0.75, 1.5, 'GBP', true, true, false, 365, '{}', '2025-11-19 11:44:07.593', '2025-11-19 11:44:07.593');
INSERT INTO public."Product" (id, sku, name, description, barcode, "companyId", "brandId", type, status, length, width, height, weight, "dimensionUnit", "weightUnit", "costPrice", "sellingPrice", currency, "isPerishable", "requiresBatch", "requiresSerial", "shelfLifeDays", images, "createdAt", "updatedAt") VALUES ('3bce830c-79b4-4427-b20f-800cd2220d5e', 'NAKD-BDL-003', 'Nakd Berry Delight - 12 Pack', 'Nakd Berry Delight Bar - Case of 12', '627665476657', '53c65d84-4606-4b0a-8aa5-6eda9e50c3df', 'da5f9b0c-5cf8-4305-b933-cceecf38c2d2', 'BUNDLE', 'ACTIVE', 30, 20, 10, 0.6, 'cm', 'kg', 9, 15, 'GBP', true, true, false, 365, '{}', '2025-11-19 11:44:07.596', '2025-11-19 11:44:07.596');
INSERT INTO public."Product" (id, sku, name, description, barcode, "companyId", "brandId", type, status, length, width, height, weight, "dimensionUnit", "weightUnit", "costPrice", "sellingPrice", currency, "isPerishable", "requiresBatch", "requiresSerial", "shelfLifeDays", images, "createdAt", "updatedAt") VALUES ('077c0fc8-95bb-4769-a7d4-c288beb71d7d', 'NAKD-004', 'Nakd Pecan Pie', 'Nakd Pecan Pie Bar - Single Unit', '671451492782', '53c65d84-4606-4b0a-8aa5-6eda9e50c3df', 'da5f9b0c-5cf8-4305-b933-cceecf38c2d2', 'SIMPLE', 'ACTIVE', 15, 5, 2, 0.05, 'cm', 'kg', 0.75, 1.5, 'GBP', true, true, false, 365, '{}', '2025-11-19 11:44:07.602', '2025-11-19 11:44:07.602');
INSERT INTO public."Product" (id, sku, name, description, barcode, "companyId", "brandId", type, status, length, width, height, weight, "dimensionUnit", "weightUnit", "costPrice", "sellingPrice", currency, "isPerishable", "requiresBatch", "requiresSerial", "shelfLifeDays", images, "createdAt", "updatedAt") VALUES ('21464a1f-3291-4d77-a38a-d6257292b7ef', 'NAKD-BDL-004', 'Nakd Pecan Pie - 12 Pack', 'Nakd Pecan Pie Bar - Case of 12', '863370995181', '53c65d84-4606-4b0a-8aa5-6eda9e50c3df', 'da5f9b0c-5cf8-4305-b933-cceecf38c2d2', 'BUNDLE', 'ACTIVE', 30, 20, 10, 0.6, 'cm', 'kg', 9, 15, 'GBP', true, true, false, 365, '{}', '2025-11-19 11:44:07.604', '2025-11-19 11:44:07.604');
INSERT INTO public."Product" (id, sku, name, description, barcode, "companyId", "brandId", type, status, length, width, height, weight, "dimensionUnit", "weightUnit", "costPrice", "sellingPrice", currency, "isPerishable", "requiresBatch", "requiresSerial", "shelfLifeDays", images, "createdAt", "updatedAt") VALUES ('7aab4882-2997-44ce-a80c-7bbd50025f8a', 'NAKD-005', 'Nakd Salted Caramel', 'Nakd Salted Caramel Bar - Single Unit', '776825510081', '53c65d84-4606-4b0a-8aa5-6eda9e50c3df', 'da5f9b0c-5cf8-4305-b933-cceecf38c2d2', 'SIMPLE', 'ACTIVE', 15, 5, 2, 0.05, 'cm', 'kg', 0.75, 1.5, 'GBP', true, true, false, 365, '{}', '2025-11-19 11:44:07.61', '2025-11-19 11:44:07.61');
INSERT INTO public."Product" (id, sku, name, description, barcode, "companyId", "brandId", type, status, length, width, height, weight, "dimensionUnit", "weightUnit", "costPrice", "sellingPrice", currency, "isPerishable", "requiresBatch", "requiresSerial", "shelfLifeDays", images, "createdAt", "updatedAt") VALUES ('1916e212-298a-478f-884a-c11bf0119914', 'NAKD-BDL-005', 'Nakd Salted Caramel - 12 Pack', 'Nakd Salted Caramel Bar - Case of 12', '401362954355', '53c65d84-4606-4b0a-8aa5-6eda9e50c3df', 'da5f9b0c-5cf8-4305-b933-cceecf38c2d2', 'BUNDLE', 'ACTIVE', 30, 20, 10, 0.6, 'cm', 'kg', 9, 15, 'GBP', true, true, false, 365, '{}', '2025-11-19 11:44:07.612', '2025-11-19 11:44:07.612');
INSERT INTO public."Product" (id, sku, name, description, barcode, "companyId", "brandId", type, status, length, width, height, weight, "dimensionUnit", "weightUnit", "costPrice", "sellingPrice", currency, "isPerishable", "requiresBatch", "requiresSerial", "shelfLifeDays", images, "createdAt", "updatedAt") VALUES ('d2d60122-eda5-47a0-87de-f909bdf5a386', 'GRAZE-001', 'Graze Vanilla Bliss', 'Graze Vanilla Bliss Bar - Single Unit', '900395068750', '53c65d84-4606-4b0a-8aa5-6eda9e50c3df', '33b36206-dbe7-4732-bd6c-ef27dfc5e18a', 'SIMPLE', 'ACTIVE', 15, 5, 2, 0.05, 'cm', 'kg', 0.75, 1.5, 'GBP', true, true, false, 365, '{}', '2025-11-19 11:44:07.617', '2025-11-19 11:44:07.617');
INSERT INTO public."Product" (id, sku, name, description, barcode, "companyId", "brandId", type, status, length, width, height, weight, "dimensionUnit", "weightUnit", "costPrice", "sellingPrice", currency, "isPerishable", "requiresBatch", "requiresSerial", "shelfLifeDays", images, "createdAt", "updatedAt") VALUES ('faa7321e-070b-42c1-90d7-560d0fc2c245', 'GRAZE-BDL-001', 'Graze Vanilla Bliss - 12 Pack', 'Graze Vanilla Bliss Bar - Case of 12', '266172023541', '53c65d84-4606-4b0a-8aa5-6eda9e50c3df', '33b36206-dbe7-4732-bd6c-ef27dfc5e18a', 'BUNDLE', 'ACTIVE', 30, 20, 10, 0.6, 'cm', 'kg', 9, 15, 'GBP', true, true, false, 365, '{}', '2025-11-19 11:44:07.62', '2025-11-19 11:44:07.62');
INSERT INTO public."Product" (id, sku, name, description, barcode, "companyId", "brandId", type, status, length, width, height, weight, "dimensionUnit", "weightUnit", "costPrice", "sellingPrice", currency, "isPerishable", "requiresBatch", "requiresSerial", "shelfLifeDays", images, "createdAt", "updatedAt") VALUES ('55df8fe6-9551-4edf-ad87-21fecdb5b1dd', 'GRAZE-002', 'Graze Choc Orange', 'Graze Choc Orange Bar - Single Unit', '786428978638', '53c65d84-4606-4b0a-8aa5-6eda9e50c3df', '33b36206-dbe7-4732-bd6c-ef27dfc5e18a', 'SIMPLE', 'ACTIVE', 15, 5, 2, 0.05, 'cm', 'kg', 0.75, 1.5, 'GBP', true, true, false, 365, '{}', '2025-11-19 11:44:07.625', '2025-11-19 11:44:07.625');
INSERT INTO public."Product" (id, sku, name, description, barcode, "companyId", "brandId", type, status, length, width, height, weight, "dimensionUnit", "weightUnit", "costPrice", "sellingPrice", currency, "isPerishable", "requiresBatch", "requiresSerial", "shelfLifeDays", images, "createdAt", "updatedAt") VALUES ('01af1118-4686-4c68-930a-1e7ca64f0657', 'GRAZE-BDL-002', 'Graze Choc Orange - 12 Pack', 'Graze Choc Orange Bar - Case of 12', '945303855725', '53c65d84-4606-4b0a-8aa5-6eda9e50c3df', '33b36206-dbe7-4732-bd6c-ef27dfc5e18a', 'BUNDLE', 'ACTIVE', 30, 20, 10, 0.6, 'cm', 'kg', 9, 15, 'GBP', true, true, false, 365, '{}', '2025-11-19 11:44:07.628', '2025-11-19 11:44:07.628');
INSERT INTO public."Product" (id, sku, name, description, barcode, "companyId", "brandId", type, status, length, width, height, weight, "dimensionUnit", "weightUnit", "costPrice", "sellingPrice", currency, "isPerishable", "requiresBatch", "requiresSerial", "shelfLifeDays", images, "createdAt", "updatedAt") VALUES ('d94c04e9-e4bf-444c-87ee-5e7a033915e4', 'GRAZE-003', 'Graze Coconut Dream', 'Graze Coconut Dream Bar - Single Unit', '733964265922', '53c65d84-4606-4b0a-8aa5-6eda9e50c3df', '33b36206-dbe7-4732-bd6c-ef27dfc5e18a', 'SIMPLE', 'ACTIVE', 15, 5, 2, 0.05, 'cm', 'kg', 0.75, 1.5, 'GBP', true, true, false, 365, '{}', '2025-11-19 11:44:07.632', '2025-11-19 11:44:07.632');
INSERT INTO public."Product" (id, sku, name, description, barcode, "companyId", "brandId", type, status, length, width, height, weight, "dimensionUnit", "weightUnit", "costPrice", "sellingPrice", currency, "isPerishable", "requiresBatch", "requiresSerial", "shelfLifeDays", images, "createdAt", "updatedAt") VALUES ('6fb2a109-4577-4382-a36a-f0c7df195a21', 'GRAZE-BDL-003', 'Graze Coconut Dream - 12 Pack', 'Graze Coconut Dream Bar - Case of 12', '782312215480', '53c65d84-4606-4b0a-8aa5-6eda9e50c3df', '33b36206-dbe7-4732-bd6c-ef27dfc5e18a', 'BUNDLE', 'ACTIVE', 30, 20, 10, 0.6, 'cm', 'kg', 9, 15, 'GBP', true, true, false, 365, '{}', '2025-11-19 11:44:07.635', '2025-11-19 11:44:07.635');
INSERT INTO public."Product" (id, sku, name, description, barcode, "companyId", "brandId", type, status, length, width, height, weight, "dimensionUnit", "weightUnit", "costPrice", "sellingPrice", currency, "isPerishable", "requiresBatch", "requiresSerial", "shelfLifeDays", images, "createdAt", "updatedAt") VALUES ('6d6d968b-4df1-4bc4-aaca-989542eaeeea', 'GRAZE-004', 'Graze Apple Crunch', 'Graze Apple Crunch Bar - Single Unit', '70887968651', '53c65d84-4606-4b0a-8aa5-6eda9e50c3df', '33b36206-dbe7-4732-bd6c-ef27dfc5e18a', 'SIMPLE', 'ACTIVE', 15, 5, 2, 0.05, 'cm', 'kg', 0.75, 1.5, 'GBP', true, true, false, 365, '{}', '2025-11-19 11:44:07.64', '2025-11-19 11:44:07.64');
INSERT INTO public."Product" (id, sku, name, description, barcode, "companyId", "brandId", type, status, length, width, height, weight, "dimensionUnit", "weightUnit", "costPrice", "sellingPrice", currency, "isPerishable", "requiresBatch", "requiresSerial", "shelfLifeDays", images, "createdAt", "updatedAt") VALUES ('5e2ca2ad-7bf8-4d44-8299-3f6b0ea4c72c', 'GRAZE-BDL-004', 'Graze Apple Crunch - 12 Pack', 'Graze Apple Crunch Bar - Case of 12', '819973474153', '53c65d84-4606-4b0a-8aa5-6eda9e50c3df', '33b36206-dbe7-4732-bd6c-ef27dfc5e18a', 'BUNDLE', 'ACTIVE', 30, 20, 10, 0.6, 'cm', 'kg', 9, 15, 'GBP', true, true, false, 365, '{}', '2025-11-19 11:44:07.642', '2025-11-19 11:44:07.642');
INSERT INTO public."Product" (id, sku, name, description, barcode, "companyId", "brandId", type, status, length, width, height, weight, "dimensionUnit", "weightUnit", "costPrice", "sellingPrice", currency, "isPerishable", "requiresBatch", "requiresSerial", "shelfLifeDays", images, "createdAt", "updatedAt") VALUES ('480aabb0-d869-419d-9669-ca125386399f', 'KIND-001', 'KIND Dark Chocolate', 'KIND Dark Chocolate Bar - Single Unit', '936133286178', '53c65d84-4606-4b0a-8aa5-6eda9e50c3df', 'abf1cb51-935c-4931-9146-a9f541f36771', 'SIMPLE', 'ACTIVE', 15, 5, 2, 0.05, 'cm', 'kg', 0.75, 1.5, 'GBP', true, true, false, 365, '{}', '2025-11-19 11:44:07.647', '2025-11-19 11:44:07.647');
INSERT INTO public."Product" (id, sku, name, description, barcode, "companyId", "brandId", type, status, length, width, height, weight, "dimensionUnit", "weightUnit", "costPrice", "sellingPrice", currency, "isPerishable", "requiresBatch", "requiresSerial", "shelfLifeDays", images, "createdAt", "updatedAt") VALUES ('c9e406df-ccd5-49c1-a8d5-9ef73df75c3e', 'KIND-BDL-001', 'KIND Dark Chocolate - 12 Pack', 'KIND Dark Chocolate Bar - Case of 12', '817266456535', '53c65d84-4606-4b0a-8aa5-6eda9e50c3df', 'abf1cb51-935c-4931-9146-a9f541f36771', 'BUNDLE', 'ACTIVE', 30, 20, 10, 0.6, 'cm', 'kg', 9, 15, 'GBP', true, true, false, 365, '{}', '2025-11-19 11:44:07.649', '2025-11-19 11:44:07.649');
INSERT INTO public."Product" (id, sku, name, description, barcode, "companyId", "brandId", type, status, length, width, height, weight, "dimensionUnit", "weightUnit", "costPrice", "sellingPrice", currency, "isPerishable", "requiresBatch", "requiresSerial", "shelfLifeDays", images, "createdAt", "updatedAt") VALUES ('f8382845-039b-4149-88e2-c4c1f33bdea6', 'KIND-002', 'KIND Almond & Coconut', 'KIND Almond & Coconut Bar - Single Unit', '970146987015', '53c65d84-4606-4b0a-8aa5-6eda9e50c3df', 'abf1cb51-935c-4931-9146-a9f541f36771', 'SIMPLE', 'ACTIVE', 15, 5, 2, 0.05, 'cm', 'kg', 0.75, 1.5, 'GBP', true, true, false, 365, '{}', '2025-11-19 11:44:07.654', '2025-11-19 11:44:07.654');
INSERT INTO public."Product" (id, sku, name, description, barcode, "companyId", "brandId", type, status, length, width, height, weight, "dimensionUnit", "weightUnit", "costPrice", "sellingPrice", currency, "isPerishable", "requiresBatch", "requiresSerial", "shelfLifeDays", images, "createdAt", "updatedAt") VALUES ('cd2d14a1-3b3a-4979-9051-7df1bd310293', 'KIND-BDL-002', 'KIND Almond & Coconut - 12 Pack', 'KIND Almond & Coconut Bar - Case of 12', '949844700420', '53c65d84-4606-4b0a-8aa5-6eda9e50c3df', 'abf1cb51-935c-4931-9146-a9f541f36771', 'BUNDLE', 'ACTIVE', 30, 20, 10, 0.6, 'cm', 'kg', 9, 15, 'GBP', true, true, false, 365, '{}', '2025-11-19 11:44:07.657', '2025-11-19 11:44:07.657');
INSERT INTO public."Product" (id, sku, name, description, barcode, "companyId", "brandId", type, status, length, width, height, weight, "dimensionUnit", "weightUnit", "costPrice", "sellingPrice", currency, "isPerishable", "requiresBatch", "requiresSerial", "shelfLifeDays", images, "createdAt", "updatedAt") VALUES ('0284163e-aa5a-45b5-8191-803fea0f3551', 'KIND-003', 'KIND Peanut Butter', 'KIND Peanut Butter Bar - Single Unit', '63718927670', '53c65d84-4606-4b0a-8aa5-6eda9e50c3df', 'abf1cb51-935c-4931-9146-a9f541f36771', 'SIMPLE', 'ACTIVE', 15, 5, 2, 0.05, 'cm', 'kg', 0.75, 1.5, 'GBP', true, true, false, 365, '{}', '2025-11-19 11:44:07.661', '2025-11-19 11:44:07.661');
INSERT INTO public."Product" (id, sku, name, description, barcode, "companyId", "brandId", type, status, length, width, height, weight, "dimensionUnit", "weightUnit", "costPrice", "sellingPrice", currency, "isPerishable", "requiresBatch", "requiresSerial", "shelfLifeDays", images, "createdAt", "updatedAt") VALUES ('21e4ab4a-681b-4341-b8de-41d4bfa76338', 'KIND-BDL-003', 'KIND Peanut Butter - 12 Pack', 'KIND Peanut Butter Bar - Case of 12', '114678143634', '53c65d84-4606-4b0a-8aa5-6eda9e50c3df', 'abf1cb51-935c-4931-9146-a9f541f36771', 'BUNDLE', 'ACTIVE', 30, 20, 10, 0.6, 'cm', 'kg', 9, 15, 'GBP', true, true, false, 365, '{}', '2025-11-19 11:44:07.663', '2025-11-19 11:44:07.663');
INSERT INTO public."Product" (id, sku, name, description, barcode, "companyId", "brandId", type, status, length, width, height, weight, "dimensionUnit", "weightUnit", "costPrice", "sellingPrice", currency, "isPerishable", "requiresBatch", "requiresSerial", "shelfLifeDays", images, "createdAt", "updatedAt") VALUES ('a12fd2f9-6ca0-4763-a1cb-97f5b0541fc6', 'KIND-004', 'KIND Maple Glazed', 'KIND Maple Glazed Bar - Single Unit', '862384655427', '53c65d84-4606-4b0a-8aa5-6eda9e50c3df', 'abf1cb51-935c-4931-9146-a9f541f36771', 'SIMPLE', 'ACTIVE', 15, 5, 2, 0.05, 'cm', 'kg', 0.75, 1.5, 'GBP', true, true, false, 365, '{}', '2025-11-19 11:44:07.669', '2025-11-19 11:44:07.669');
INSERT INTO public."Product" (id, sku, name, description, barcode, "companyId", "brandId", type, status, length, width, height, weight, "dimensionUnit", "weightUnit", "costPrice", "sellingPrice", currency, "isPerishable", "requiresBatch", "requiresSerial", "shelfLifeDays", images, "createdAt", "updatedAt") VALUES ('d9376524-9808-4971-afe6-925753c7b800', 'KIND-BDL-004', 'KIND Maple Glazed - 12 Pack', 'KIND Maple Glazed Bar - Case of 12', '182412616523', '53c65d84-4606-4b0a-8aa5-6eda9e50c3df', 'abf1cb51-935c-4931-9146-a9f541f36771', 'BUNDLE', 'ACTIVE', 30, 20, 10, 0.6, 'cm', 'kg', 9, 15, 'GBP', true, true, false, 365, '{}', '2025-11-19 11:44:07.673', '2025-11-19 11:44:07.673');
INSERT INTO public."Product" (id, sku, name, description, barcode, "companyId", "brandId", type, status, length, width, height, weight, "dimensionUnit", "weightUnit", "costPrice", "sellingPrice", currency, "isPerishable", "requiresBatch", "requiresSerial", "shelfLifeDays", images, "createdAt", "updatedAt") VALUES ('354b59a9-cb3d-4032-bd62-001178924e1a', 'NTVLY-001', 'Nature Valley Original', 'Nature Valley Original Bar - Single Unit', '313076094873', '53c65d84-4606-4b0a-8aa5-6eda9e50c3df', '73ae9ec4-896c-4451-b699-0921c164345d', 'SIMPLE', 'ACTIVE', 15, 5, 2, 0.05, 'cm', 'kg', 0.75, 1.5, 'GBP', true, true, false, 365, '{}', '2025-11-19 11:44:07.677', '2025-11-19 11:44:07.677');
INSERT INTO public."Product" (id, sku, name, description, barcode, "companyId", "brandId", type, status, length, width, height, weight, "dimensionUnit", "weightUnit", "costPrice", "sellingPrice", currency, "isPerishable", "requiresBatch", "requiresSerial", "shelfLifeDays", images, "createdAt", "updatedAt") VALUES ('a5743087-6dc2-4be2-86a1-b3111215d82f', 'NTVLY-BDL-001', 'Nature Valley Original - 12 Pack', 'Nature Valley Original Bar - Case of 12', '594660985597', '53c65d84-4606-4b0a-8aa5-6eda9e50c3df', '73ae9ec4-896c-4451-b699-0921c164345d', 'BUNDLE', 'ACTIVE', 30, 20, 10, 0.6, 'cm', 'kg', 9, 15, 'GBP', true, true, false, 365, '{}', '2025-11-19 11:44:07.681', '2025-11-19 11:44:07.681');
INSERT INTO public."Product" (id, sku, name, description, barcode, "companyId", "brandId", type, status, length, width, height, weight, "dimensionUnit", "weightUnit", "costPrice", "sellingPrice", currency, "isPerishable", "requiresBatch", "requiresSerial", "shelfLifeDays", images, "createdAt", "updatedAt") VALUES ('3e3ec351-573e-4b14-9e18-19c723f5e4de', 'NTVLY-002', 'Nature Valley Classic', 'Nature Valley Classic Bar - Single Unit', '731258445968', '53c65d84-4606-4b0a-8aa5-6eda9e50c3df', '73ae9ec4-896c-4451-b699-0921c164345d', 'SIMPLE', 'ACTIVE', 15, 5, 2, 0.05, 'cm', 'kg', 0.75, 1.5, 'GBP', true, true, false, 365, '{}', '2025-11-19 11:44:07.685', '2025-11-19 11:44:07.685');
INSERT INTO public."Product" (id, sku, name, description, barcode, "companyId", "brandId", type, status, length, width, height, weight, "dimensionUnit", "weightUnit", "costPrice", "sellingPrice", currency, "isPerishable", "requiresBatch", "requiresSerial", "shelfLifeDays", images, "createdAt", "updatedAt") VALUES ('588729d7-1295-4b24-a66e-fada023b0b51', 'NTVLY-BDL-002', 'Nature Valley Classic - 12 Pack', 'Nature Valley Classic Bar - Case of 12', '457927147950', '53c65d84-4606-4b0a-8aa5-6eda9e50c3df', '73ae9ec4-896c-4451-b699-0921c164345d', 'BUNDLE', 'ACTIVE', 30, 20, 10, 0.6, 'cm', 'kg', 9, 15, 'GBP', true, true, false, 365, '{}', '2025-11-19 11:44:07.688', '2025-11-19 11:44:07.688');
INSERT INTO public."Product" (id, sku, name, description, barcode, "companyId", "brandId", type, status, length, width, height, weight, "dimensionUnit", "weightUnit", "costPrice", "sellingPrice", currency, "isPerishable", "requiresBatch", "requiresSerial", "shelfLifeDays", images, "createdAt", "updatedAt") VALUES ('f01b22a2-de44-431e-9b12-9ad4bfd0c801', 'NTVLY-003', 'Nature Valley Deluxe', 'Nature Valley Deluxe Bar - Single Unit', '280022685253', '53c65d84-4606-4b0a-8aa5-6eda9e50c3df', '73ae9ec4-896c-4451-b699-0921c164345d', 'SIMPLE', 'ACTIVE', 15, 5, 2, 0.05, 'cm', 'kg', 0.75, 1.5, 'GBP', true, true, false, 365, '{}', '2025-11-19 11:44:07.692', '2025-11-19 11:44:07.692');
INSERT INTO public."Product" (id, sku, name, description, barcode, "companyId", "brandId", type, status, length, width, height, weight, "dimensionUnit", "weightUnit", "costPrice", "sellingPrice", currency, "isPerishable", "requiresBatch", "requiresSerial", "shelfLifeDays", images, "createdAt", "updatedAt") VALUES ('c7a1f76d-517a-4dfd-95db-200a7e767ac8', 'NTVLY-BDL-003', 'Nature Valley Deluxe - 12 Pack', 'Nature Valley Deluxe Bar - Case of 12', '924310787600', '53c65d84-4606-4b0a-8aa5-6eda9e50c3df', '73ae9ec4-896c-4451-b699-0921c164345d', 'BUNDLE', 'ACTIVE', 30, 20, 10, 0.6, 'cm', 'kg', 9, 15, 'GBP', true, true, false, 365, '{}', '2025-11-19 11:44:07.695', '2025-11-19 11:44:07.695');


--
-- Data for Name: BundleItem; Type: TABLE DATA; Schema: public; Owner: wms_user
--

INSERT INTO public."BundleItem" (id, "parentId", "childId", quantity, "createdAt") VALUES ('6aea1683-6af0-4a79-a202-86e2c90a6ae4', '35175ef5-1dad-4ca8-88cb-cf8e49624ec0', 'c2bf33c2-65da-4800-99d8-f510431025f2', 12, '2025-11-19 11:44:07.581');
INSERT INTO public."BundleItem" (id, "parentId", "childId", quantity, "createdAt") VALUES ('b31397fc-a7e2-4070-9076-fff336fdca0a', '973f1e3a-1157-43f3-aaf4-d444cf252237', '575bb91e-4ae2-4841-931e-fb1667ce544e', 12, '2025-11-19 11:44:07.591');
INSERT INTO public."BundleItem" (id, "parentId", "childId", quantity, "createdAt") VALUES ('a40f1999-fae5-4bb9-a0f0-3430dc234dda', '3bce830c-79b4-4427-b20f-800cd2220d5e', '3f618851-f529-45d2-a466-934713d86aa4', 12, '2025-11-19 11:44:07.599');
INSERT INTO public."BundleItem" (id, "parentId", "childId", quantity, "createdAt") VALUES ('e55059d2-c408-4ca9-b655-b2ec6e499b09', '21464a1f-3291-4d77-a38a-d6257292b7ef', '077c0fc8-95bb-4769-a7d4-c288beb71d7d', 12, '2025-11-19 11:44:07.607');
INSERT INTO public."BundleItem" (id, "parentId", "childId", quantity, "createdAt") VALUES ('6bb9e35d-034b-4856-a777-bccb20292190', '1916e212-298a-478f-884a-c11bf0119914', '7aab4882-2997-44ce-a80c-7bbd50025f8a', 12, '2025-11-19 11:44:07.615');
INSERT INTO public."BundleItem" (id, "parentId", "childId", quantity, "createdAt") VALUES ('c2bee3fa-51e9-4601-8da5-d33edb3ea61a', 'faa7321e-070b-42c1-90d7-560d0fc2c245', 'd2d60122-eda5-47a0-87de-f909bdf5a386', 12, '2025-11-19 11:44:07.622');
INSERT INTO public."BundleItem" (id, "parentId", "childId", quantity, "createdAt") VALUES ('99dc42a5-9056-42f1-9011-8dd737b6f0ff', '01af1118-4686-4c68-930a-1e7ca64f0657', '55df8fe6-9551-4edf-ad87-21fecdb5b1dd', 12, '2025-11-19 11:44:07.63');
INSERT INTO public."BundleItem" (id, "parentId", "childId", quantity, "createdAt") VALUES ('486328db-76b0-41cd-80d0-a81303fa722e', '6fb2a109-4577-4382-a36a-f0c7df195a21', 'd94c04e9-e4bf-444c-87ee-5e7a033915e4', 12, '2025-11-19 11:44:07.637');
INSERT INTO public."BundleItem" (id, "parentId", "childId", quantity, "createdAt") VALUES ('2545ccfe-a803-42eb-ba58-9e92ea749a4f', '5e2ca2ad-7bf8-4d44-8299-3f6b0ea4c72c', '6d6d968b-4df1-4bc4-aaca-989542eaeeea', 12, '2025-11-19 11:44:07.645');
INSERT INTO public."BundleItem" (id, "parentId", "childId", quantity, "createdAt") VALUES ('203b59ce-cf03-408f-b05a-0a7d664fcb4e', 'c9e406df-ccd5-49c1-a8d5-9ef73df75c3e', '480aabb0-d869-419d-9669-ca125386399f', 12, '2025-11-19 11:44:07.652');
INSERT INTO public."BundleItem" (id, "parentId", "childId", quantity, "createdAt") VALUES ('534ee873-694f-4759-a65c-56bc1d4de1b0', 'cd2d14a1-3b3a-4979-9051-7df1bd310293', 'f8382845-039b-4149-88e2-c4c1f33bdea6', 12, '2025-11-19 11:44:07.659');
INSERT INTO public."BundleItem" (id, "parentId", "childId", quantity, "createdAt") VALUES ('c3630860-08c3-4c95-8eec-330056daf738', '21e4ab4a-681b-4341-b8de-41d4bfa76338', '0284163e-aa5a-45b5-8191-803fea0f3551', 12, '2025-11-19 11:44:07.667');
INSERT INTO public."BundleItem" (id, "parentId", "childId", quantity, "createdAt") VALUES ('c14fa4c5-3c56-41fe-ac18-e3e562993f5f', 'd9376524-9808-4971-afe6-925753c7b800', 'a12fd2f9-6ca0-4763-a1cb-97f5b0541fc6', 12, '2025-11-19 11:44:07.675');
INSERT INTO public."BundleItem" (id, "parentId", "childId", quantity, "createdAt") VALUES ('50701aba-354c-47e3-b1cf-40e63d8b075a', 'a5743087-6dc2-4be2-86a1-b3111215d82f', '354b59a9-cb3d-4032-bd62-001178924e1a', 12, '2025-11-19 11:44:07.683');
INSERT INTO public."BundleItem" (id, "parentId", "childId", quantity, "createdAt") VALUES ('4a01ad99-e05f-4ba2-ae17-14426ec5197e', '588729d7-1295-4b24-a66e-fada023b0b51', '3e3ec351-573e-4b14-9e18-19c723f5e4de', 12, '2025-11-19 11:44:07.69');
INSERT INTO public."BundleItem" (id, "parentId", "childId", quantity, "createdAt") VALUES ('06f96f61-be94-42ce-b100-5e732011f754', 'c7a1f76d-517a-4dfd-95db-200a7e767ac8', 'f01b22a2-de44-431e-9b12-9ad4bfd0c801', 12, '2025-11-19 11:44:07.698');


--
-- Data for Name: SalesChannel; Type: TABLE DATA; Schema: public; Owner: wms_user
--

INSERT INTO public."SalesChannel" (id, name, code, type, "referralFeePercent", "fixedFee", "fulfillmentFeePerUnit", "storageFeePerUnit", "additionalFees", "isActive", "createdAt", "updatedAt") VALUES ('1e483ee9-fb0c-46ce-984c-8c263b4021a6', 'Amazon FBA UK', 'AMZN-FBA-UK', 'AMAZON_FBA', 15, NULL, 2.5, NULL, NULL, true, '2025-11-19 11:44:07.847', '2025-11-19 11:44:07.847');
INSERT INTO public."SalesChannel" (id, name, code, type, "referralFeePercent", "fixedFee", "fulfillmentFeePerUnit", "storageFeePerUnit", "additionalFees", "isActive", "createdAt", "updatedAt") VALUES ('a2ebc16e-2fbe-4e0d-9514-2e132500b889', 'Shopify Retail', 'SHOPIFY-RETAIL', 'SHOPIFY', 2.9, 0.3, NULL, NULL, NULL, true, '2025-11-19 11:44:07.851', '2025-11-19 11:44:07.851');
INSERT INTO public."SalesChannel" (id, name, code, type, "referralFeePercent", "fixedFee", "fulfillmentFeePerUnit", "storageFeePerUnit", "additionalFees", "isActive", "createdAt", "updatedAt") VALUES ('1c3087fe-e713-4a7a-8eac-65cbb26dbf50', 'Shopify B2B', 'SHOPIFY-B2B', 'SHOPIFY', 2.9, 0.3, NULL, NULL, NULL, true, '2025-11-19 11:44:07.853', '2025-11-19 11:44:07.853');
INSERT INTO public."SalesChannel" (id, name, code, type, "referralFeePercent", "fixedFee", "fulfillmentFeePerUnit", "storageFeePerUnit", "additionalFees", "isActive", "createdAt", "updatedAt") VALUES ('496f3313-c9aa-4873-b2fe-64aefeb85b66', 'eBay UK', 'EBAY-UK', 'EBAY', 12.8, 0.3, NULL, NULL, NULL, true, '2025-11-19 11:44:07.855', '2025-11-19 11:44:07.855');
INSERT INTO public."SalesChannel" (id, name, code, type, "referralFeePercent", "fixedFee", "fulfillmentFeePerUnit", "storageFeePerUnit", "additionalFees", "isActive", "createdAt", "updatedAt") VALUES ('8346d447-3972-4fe7-a6d7-14db88c4993d', 'Direct Wholesale', 'DIRECT-WHOLESALE', 'WHOLESALE', 0, 0, NULL, NULL, NULL, true, '2025-11-19 11:44:07.857', '2025-11-19 11:44:07.857');


--
-- Data for Name: ChannelPrice; Type: TABLE DATA; Schema: public; Owner: wms_user
--

INSERT INTO public."ChannelPrice" (id, "productId", "channelId", "sellingPrice", "productCost", "laborCost", "materialCost", "shippingCost", "totalCost", "grossProfit", "profitMargin", "isActive", "createdAt", "updatedAt") VALUES ('15a5e9d0-8190-4286-b44a-0b7ef0e0cfc8', 'c2bf33c2-65da-4800-99d8-f510431025f2', '1e483ee9-fb0c-46ce-984c-8c263b4021a6', 1.5, 0.75, 0.1, 0.05, 0.5, 0.9, 0.6, 40, true, '2025-11-19 11:44:07.859', '2025-11-19 11:44:07.859');
INSERT INTO public."ChannelPrice" (id, "productId", "channelId", "sellingPrice", "productCost", "laborCost", "materialCost", "shippingCost", "totalCost", "grossProfit", "profitMargin", "isActive", "createdAt", "updatedAt") VALUES ('6fc5539b-b6a0-4bcf-93b6-84017e0176b7', 'c2bf33c2-65da-4800-99d8-f510431025f2', 'a2ebc16e-2fbe-4e0d-9514-2e132500b889', 1.5, 0.75, 0.1, 0.05, 0.5, 0.9, 0.6, 40, true, '2025-11-19 11:44:07.863', '2025-11-19 11:44:07.863');
INSERT INTO public."ChannelPrice" (id, "productId", "channelId", "sellingPrice", "productCost", "laborCost", "materialCost", "shippingCost", "totalCost", "grossProfit", "profitMargin", "isActive", "createdAt", "updatedAt") VALUES ('4356182b-cde6-4152-90ee-e5e3e278052e', 'c2bf33c2-65da-4800-99d8-f510431025f2', '1c3087fe-e713-4a7a-8eac-65cbb26dbf50', 1.5, 0.75, 0.1, 0.05, 0.5, 0.9, 0.6, 40, true, '2025-11-19 11:44:07.866', '2025-11-19 11:44:07.866');
INSERT INTO public."ChannelPrice" (id, "productId", "channelId", "sellingPrice", "productCost", "laborCost", "materialCost", "shippingCost", "totalCost", "grossProfit", "profitMargin", "isActive", "createdAt", "updatedAt") VALUES ('03675243-e53c-4230-af0b-a6817437bea5', 'c2bf33c2-65da-4800-99d8-f510431025f2', '496f3313-c9aa-4873-b2fe-64aefeb85b66', 1.5, 0.75, 0.1, 0.05, 0.5, 0.9, 0.6, 40, true, '2025-11-19 11:44:07.868', '2025-11-19 11:44:07.868');
INSERT INTO public."ChannelPrice" (id, "productId", "channelId", "sellingPrice", "productCost", "laborCost", "materialCost", "shippingCost", "totalCost", "grossProfit", "profitMargin", "isActive", "createdAt", "updatedAt") VALUES ('3178e64e-8d8e-4576-ad12-447269a023ad', 'c2bf33c2-65da-4800-99d8-f510431025f2', '8346d447-3972-4fe7-a6d7-14db88c4993d', 1.2, 0.75, 0.1, 0.05, 0.5, 0.9, 0.2999999999999999, 24.99999999999999, true, '2025-11-19 11:44:07.871', '2025-11-19 11:44:07.871');
INSERT INTO public."ChannelPrice" (id, "productId", "channelId", "sellingPrice", "productCost", "laborCost", "materialCost", "shippingCost", "totalCost", "grossProfit", "profitMargin", "isActive", "createdAt", "updatedAt") VALUES ('bd7b0956-8553-4fd8-9e5a-300174666e0d', '575bb91e-4ae2-4841-931e-fb1667ce544e', '1e483ee9-fb0c-46ce-984c-8c263b4021a6', 1.5, 0.75, 0.1, 0.05, 0.5, 0.9, 0.6, 40, true, '2025-11-19 11:44:07.873', '2025-11-19 11:44:07.873');
INSERT INTO public."ChannelPrice" (id, "productId", "channelId", "sellingPrice", "productCost", "laborCost", "materialCost", "shippingCost", "totalCost", "grossProfit", "profitMargin", "isActive", "createdAt", "updatedAt") VALUES ('f4dbdf45-6fd2-43b7-8993-53030ec0aa4d', '575bb91e-4ae2-4841-931e-fb1667ce544e', 'a2ebc16e-2fbe-4e0d-9514-2e132500b889', 1.5, 0.75, 0.1, 0.05, 0.5, 0.9, 0.6, 40, true, '2025-11-19 11:44:07.876', '2025-11-19 11:44:07.876');
INSERT INTO public."ChannelPrice" (id, "productId", "channelId", "sellingPrice", "productCost", "laborCost", "materialCost", "shippingCost", "totalCost", "grossProfit", "profitMargin", "isActive", "createdAt", "updatedAt") VALUES ('15eedca3-e52a-4a75-9bd3-213e73e4b60a', '575bb91e-4ae2-4841-931e-fb1667ce544e', '1c3087fe-e713-4a7a-8eac-65cbb26dbf50', 1.5, 0.75, 0.1, 0.05, 0.5, 0.9, 0.6, 40, true, '2025-11-19 11:44:07.878', '2025-11-19 11:44:07.878');
INSERT INTO public."ChannelPrice" (id, "productId", "channelId", "sellingPrice", "productCost", "laborCost", "materialCost", "shippingCost", "totalCost", "grossProfit", "profitMargin", "isActive", "createdAt", "updatedAt") VALUES ('c9ca6445-3f4d-489e-a347-f8f586994654', '575bb91e-4ae2-4841-931e-fb1667ce544e', '496f3313-c9aa-4873-b2fe-64aefeb85b66', 1.5, 0.75, 0.1, 0.05, 0.5, 0.9, 0.6, 40, true, '2025-11-19 11:44:07.88', '2025-11-19 11:44:07.88');
INSERT INTO public."ChannelPrice" (id, "productId", "channelId", "sellingPrice", "productCost", "laborCost", "materialCost", "shippingCost", "totalCost", "grossProfit", "profitMargin", "isActive", "createdAt", "updatedAt") VALUES ('203e2e6e-86ac-4d54-a560-6effd4cd23a0', '575bb91e-4ae2-4841-931e-fb1667ce544e', '8346d447-3972-4fe7-a6d7-14db88c4993d', 1.2, 0.75, 0.1, 0.05, 0.5, 0.9, 0.2999999999999999, 24.99999999999999, true, '2025-11-19 11:44:07.882', '2025-11-19 11:44:07.882');
INSERT INTO public."ChannelPrice" (id, "productId", "channelId", "sellingPrice", "productCost", "laborCost", "materialCost", "shippingCost", "totalCost", "grossProfit", "profitMargin", "isActive", "createdAt", "updatedAt") VALUES ('93561ea7-a369-4b9f-9967-7b3d34d94743', '3f618851-f529-45d2-a466-934713d86aa4', '1e483ee9-fb0c-46ce-984c-8c263b4021a6', 1.5, 0.75, 0.1, 0.05, 0.5, 0.9, 0.6, 40, true, '2025-11-19 11:44:07.884', '2025-11-19 11:44:07.884');
INSERT INTO public."ChannelPrice" (id, "productId", "channelId", "sellingPrice", "productCost", "laborCost", "materialCost", "shippingCost", "totalCost", "grossProfit", "profitMargin", "isActive", "createdAt", "updatedAt") VALUES ('03f053f8-91f7-4f3f-89de-17182c29927a', '3f618851-f529-45d2-a466-934713d86aa4', 'a2ebc16e-2fbe-4e0d-9514-2e132500b889', 1.5, 0.75, 0.1, 0.05, 0.5, 0.9, 0.6, 40, true, '2025-11-19 11:44:07.886', '2025-11-19 11:44:07.886');
INSERT INTO public."ChannelPrice" (id, "productId", "channelId", "sellingPrice", "productCost", "laborCost", "materialCost", "shippingCost", "totalCost", "grossProfit", "profitMargin", "isActive", "createdAt", "updatedAt") VALUES ('76ae57a5-c289-479b-a859-7104da65c2bb', '3f618851-f529-45d2-a466-934713d86aa4', '1c3087fe-e713-4a7a-8eac-65cbb26dbf50', 1.5, 0.75, 0.1, 0.05, 0.5, 0.9, 0.6, 40, true, '2025-11-19 11:44:07.887', '2025-11-19 11:44:07.887');
INSERT INTO public."ChannelPrice" (id, "productId", "channelId", "sellingPrice", "productCost", "laborCost", "materialCost", "shippingCost", "totalCost", "grossProfit", "profitMargin", "isActive", "createdAt", "updatedAt") VALUES ('db0bba95-2961-4d13-bb6a-9ac8ad876ead', '3f618851-f529-45d2-a466-934713d86aa4', '496f3313-c9aa-4873-b2fe-64aefeb85b66', 1.5, 0.75, 0.1, 0.05, 0.5, 0.9, 0.6, 40, true, '2025-11-19 11:44:07.889', '2025-11-19 11:44:07.889');
INSERT INTO public."ChannelPrice" (id, "productId", "channelId", "sellingPrice", "productCost", "laborCost", "materialCost", "shippingCost", "totalCost", "grossProfit", "profitMargin", "isActive", "createdAt", "updatedAt") VALUES ('1159fa8b-0568-486f-a00d-c283e63ba658', '3f618851-f529-45d2-a466-934713d86aa4', '8346d447-3972-4fe7-a6d7-14db88c4993d', 1.2, 0.75, 0.1, 0.05, 0.5, 0.9, 0.2999999999999999, 24.99999999999999, true, '2025-11-19 11:44:07.891', '2025-11-19 11:44:07.891');
INSERT INTO public."ChannelPrice" (id, "productId", "channelId", "sellingPrice", "productCost", "laborCost", "materialCost", "shippingCost", "totalCost", "grossProfit", "profitMargin", "isActive", "createdAt", "updatedAt") VALUES ('1d039b31-9117-43e5-a6ea-7f35ab152411', '077c0fc8-95bb-4769-a7d4-c288beb71d7d', '1e483ee9-fb0c-46ce-984c-8c263b4021a6', 1.5, 0.75, 0.1, 0.05, 0.5, 0.9, 0.6, 40, true, '2025-11-19 11:44:07.893', '2025-11-19 11:44:07.893');
INSERT INTO public."ChannelPrice" (id, "productId", "channelId", "sellingPrice", "productCost", "laborCost", "materialCost", "shippingCost", "totalCost", "grossProfit", "profitMargin", "isActive", "createdAt", "updatedAt") VALUES ('8d8bdea0-bc30-44c9-a781-77f9fad2516f', '077c0fc8-95bb-4769-a7d4-c288beb71d7d', 'a2ebc16e-2fbe-4e0d-9514-2e132500b889', 1.5, 0.75, 0.1, 0.05, 0.5, 0.9, 0.6, 40, true, '2025-11-19 11:44:07.895', '2025-11-19 11:44:07.895');
INSERT INTO public."ChannelPrice" (id, "productId", "channelId", "sellingPrice", "productCost", "laborCost", "materialCost", "shippingCost", "totalCost", "grossProfit", "profitMargin", "isActive", "createdAt", "updatedAt") VALUES ('85e5d480-8740-4bdc-acdf-7de0b30482a1', '077c0fc8-95bb-4769-a7d4-c288beb71d7d', '1c3087fe-e713-4a7a-8eac-65cbb26dbf50', 1.5, 0.75, 0.1, 0.05, 0.5, 0.9, 0.6, 40, true, '2025-11-19 11:44:07.897', '2025-11-19 11:44:07.897');
INSERT INTO public."ChannelPrice" (id, "productId", "channelId", "sellingPrice", "productCost", "laborCost", "materialCost", "shippingCost", "totalCost", "grossProfit", "profitMargin", "isActive", "createdAt", "updatedAt") VALUES ('02a09dce-a17d-414b-a970-c0313eb71ebb', '077c0fc8-95bb-4769-a7d4-c288beb71d7d', '496f3313-c9aa-4873-b2fe-64aefeb85b66', 1.5, 0.75, 0.1, 0.05, 0.5, 0.9, 0.6, 40, true, '2025-11-19 11:44:07.899', '2025-11-19 11:44:07.899');
INSERT INTO public."ChannelPrice" (id, "productId", "channelId", "sellingPrice", "productCost", "laborCost", "materialCost", "shippingCost", "totalCost", "grossProfit", "profitMargin", "isActive", "createdAt", "updatedAt") VALUES ('11bf3693-9202-491c-9ec3-78a2d8e4cc7f', '077c0fc8-95bb-4769-a7d4-c288beb71d7d', '8346d447-3972-4fe7-a6d7-14db88c4993d', 1.2, 0.75, 0.1, 0.05, 0.5, 0.9, 0.2999999999999999, 24.99999999999999, true, '2025-11-19 11:44:07.901', '2025-11-19 11:44:07.901');
INSERT INTO public."ChannelPrice" (id, "productId", "channelId", "sellingPrice", "productCost", "laborCost", "materialCost", "shippingCost", "totalCost", "grossProfit", "profitMargin", "isActive", "createdAt", "updatedAt") VALUES ('0a38ccf8-3455-41f9-b3fa-7d6c32bd6a9c', '7aab4882-2997-44ce-a80c-7bbd50025f8a', '1e483ee9-fb0c-46ce-984c-8c263b4021a6', 1.5, 0.75, 0.1, 0.05, 0.5, 0.9, 0.6, 40, true, '2025-11-19 11:44:07.903', '2025-11-19 11:44:07.903');
INSERT INTO public."ChannelPrice" (id, "productId", "channelId", "sellingPrice", "productCost", "laborCost", "materialCost", "shippingCost", "totalCost", "grossProfit", "profitMargin", "isActive", "createdAt", "updatedAt") VALUES ('fae5f459-c7f2-4b13-a913-c29a8b06d0ca', '7aab4882-2997-44ce-a80c-7bbd50025f8a', 'a2ebc16e-2fbe-4e0d-9514-2e132500b889', 1.5, 0.75, 0.1, 0.05, 0.5, 0.9, 0.6, 40, true, '2025-11-19 11:44:07.905', '2025-11-19 11:44:07.905');
INSERT INTO public."ChannelPrice" (id, "productId", "channelId", "sellingPrice", "productCost", "laborCost", "materialCost", "shippingCost", "totalCost", "grossProfit", "profitMargin", "isActive", "createdAt", "updatedAt") VALUES ('86a990d6-c246-4593-9e63-c29331e83945', '7aab4882-2997-44ce-a80c-7bbd50025f8a', '1c3087fe-e713-4a7a-8eac-65cbb26dbf50', 1.5, 0.75, 0.1, 0.05, 0.5, 0.9, 0.6, 40, true, '2025-11-19 11:44:07.908', '2025-11-19 11:44:07.908');
INSERT INTO public."ChannelPrice" (id, "productId", "channelId", "sellingPrice", "productCost", "laborCost", "materialCost", "shippingCost", "totalCost", "grossProfit", "profitMargin", "isActive", "createdAt", "updatedAt") VALUES ('d408711a-7ec3-4be9-9c54-71760da98e93', '7aab4882-2997-44ce-a80c-7bbd50025f8a', '496f3313-c9aa-4873-b2fe-64aefeb85b66', 1.5, 0.75, 0.1, 0.05, 0.5, 0.9, 0.6, 40, true, '2025-11-19 11:44:07.91', '2025-11-19 11:44:07.91');
INSERT INTO public."ChannelPrice" (id, "productId", "channelId", "sellingPrice", "productCost", "laborCost", "materialCost", "shippingCost", "totalCost", "grossProfit", "profitMargin", "isActive", "createdAt", "updatedAt") VALUES ('819905f4-8834-4243-9a4d-8bb1912efcf9', '7aab4882-2997-44ce-a80c-7bbd50025f8a', '8346d447-3972-4fe7-a6d7-14db88c4993d', 1.2, 0.75, 0.1, 0.05, 0.5, 0.9, 0.2999999999999999, 24.99999999999999, true, '2025-11-19 11:44:07.911', '2025-11-19 11:44:07.911');
INSERT INTO public."ChannelPrice" (id, "productId", "channelId", "sellingPrice", "productCost", "laborCost", "materialCost", "shippingCost", "totalCost", "grossProfit", "profitMargin", "isActive", "createdAt", "updatedAt") VALUES ('971b76f0-3648-4aaa-b8ae-5e95529004c0', 'd2d60122-eda5-47a0-87de-f909bdf5a386', '1e483ee9-fb0c-46ce-984c-8c263b4021a6', 1.5, 0.75, 0.1, 0.05, 0.5, 0.9, 0.6, 40, true, '2025-11-19 11:44:07.913', '2025-11-19 11:44:07.913');
INSERT INTO public."ChannelPrice" (id, "productId", "channelId", "sellingPrice", "productCost", "laborCost", "materialCost", "shippingCost", "totalCost", "grossProfit", "profitMargin", "isActive", "createdAt", "updatedAt") VALUES ('d343b887-a2e4-471f-8133-a19ba05111e8', 'd2d60122-eda5-47a0-87de-f909bdf5a386', 'a2ebc16e-2fbe-4e0d-9514-2e132500b889', 1.5, 0.75, 0.1, 0.05, 0.5, 0.9, 0.6, 40, true, '2025-11-19 11:44:07.916', '2025-11-19 11:44:07.916');
INSERT INTO public."ChannelPrice" (id, "productId", "channelId", "sellingPrice", "productCost", "laborCost", "materialCost", "shippingCost", "totalCost", "grossProfit", "profitMargin", "isActive", "createdAt", "updatedAt") VALUES ('c39e67cc-c4f8-483f-b498-fd677433caaa', 'd2d60122-eda5-47a0-87de-f909bdf5a386', '1c3087fe-e713-4a7a-8eac-65cbb26dbf50', 1.5, 0.75, 0.1, 0.05, 0.5, 0.9, 0.6, 40, true, '2025-11-19 11:44:07.918', '2025-11-19 11:44:07.918');
INSERT INTO public."ChannelPrice" (id, "productId", "channelId", "sellingPrice", "productCost", "laborCost", "materialCost", "shippingCost", "totalCost", "grossProfit", "profitMargin", "isActive", "createdAt", "updatedAt") VALUES ('049f62d3-441f-4c17-99ac-9cf1209d5c2e', 'd2d60122-eda5-47a0-87de-f909bdf5a386', '496f3313-c9aa-4873-b2fe-64aefeb85b66', 1.5, 0.75, 0.1, 0.05, 0.5, 0.9, 0.6, 40, true, '2025-11-19 11:44:07.92', '2025-11-19 11:44:07.92');
INSERT INTO public."ChannelPrice" (id, "productId", "channelId", "sellingPrice", "productCost", "laborCost", "materialCost", "shippingCost", "totalCost", "grossProfit", "profitMargin", "isActive", "createdAt", "updatedAt") VALUES ('a531d454-155c-47ba-829d-47d36a53c32f', 'd2d60122-eda5-47a0-87de-f909bdf5a386', '8346d447-3972-4fe7-a6d7-14db88c4993d', 1.2, 0.75, 0.1, 0.05, 0.5, 0.9, 0.2999999999999999, 24.99999999999999, true, '2025-11-19 11:44:07.922', '2025-11-19 11:44:07.922');
INSERT INTO public."ChannelPrice" (id, "productId", "channelId", "sellingPrice", "productCost", "laborCost", "materialCost", "shippingCost", "totalCost", "grossProfit", "profitMargin", "isActive", "createdAt", "updatedAt") VALUES ('88aabfab-fd36-4df5-8235-a28274038637', '55df8fe6-9551-4edf-ad87-21fecdb5b1dd', '1e483ee9-fb0c-46ce-984c-8c263b4021a6', 1.5, 0.75, 0.1, 0.05, 0.5, 0.9, 0.6, 40, true, '2025-11-19 11:44:07.923', '2025-11-19 11:44:07.923');
INSERT INTO public."ChannelPrice" (id, "productId", "channelId", "sellingPrice", "productCost", "laborCost", "materialCost", "shippingCost", "totalCost", "grossProfit", "profitMargin", "isActive", "createdAt", "updatedAt") VALUES ('4c8e3739-3239-4573-a59e-b4b234addd58', '55df8fe6-9551-4edf-ad87-21fecdb5b1dd', 'a2ebc16e-2fbe-4e0d-9514-2e132500b889', 1.5, 0.75, 0.1, 0.05, 0.5, 0.9, 0.6, 40, true, '2025-11-19 11:44:07.925', '2025-11-19 11:44:07.925');
INSERT INTO public."ChannelPrice" (id, "productId", "channelId", "sellingPrice", "productCost", "laborCost", "materialCost", "shippingCost", "totalCost", "grossProfit", "profitMargin", "isActive", "createdAt", "updatedAt") VALUES ('d4436d08-307e-4cd3-be69-978aadb76260', '55df8fe6-9551-4edf-ad87-21fecdb5b1dd', '1c3087fe-e713-4a7a-8eac-65cbb26dbf50', 1.5, 0.75, 0.1, 0.05, 0.5, 0.9, 0.6, 40, true, '2025-11-19 11:44:07.927', '2025-11-19 11:44:07.927');
INSERT INTO public."ChannelPrice" (id, "productId", "channelId", "sellingPrice", "productCost", "laborCost", "materialCost", "shippingCost", "totalCost", "grossProfit", "profitMargin", "isActive", "createdAt", "updatedAt") VALUES ('92e428f7-8b65-4a43-8360-2b1c353468a6', '55df8fe6-9551-4edf-ad87-21fecdb5b1dd', '496f3313-c9aa-4873-b2fe-64aefeb85b66', 1.5, 0.75, 0.1, 0.05, 0.5, 0.9, 0.6, 40, true, '2025-11-19 11:44:07.929', '2025-11-19 11:44:07.929');
INSERT INTO public."ChannelPrice" (id, "productId", "channelId", "sellingPrice", "productCost", "laborCost", "materialCost", "shippingCost", "totalCost", "grossProfit", "profitMargin", "isActive", "createdAt", "updatedAt") VALUES ('ce0a00bd-90b3-4224-8c35-91778c8efd49', '55df8fe6-9551-4edf-ad87-21fecdb5b1dd', '8346d447-3972-4fe7-a6d7-14db88c4993d', 1.2, 0.75, 0.1, 0.05, 0.5, 0.9, 0.2999999999999999, 24.99999999999999, true, '2025-11-19 11:44:07.931', '2025-11-19 11:44:07.931');
INSERT INTO public."ChannelPrice" (id, "productId", "channelId", "sellingPrice", "productCost", "laborCost", "materialCost", "shippingCost", "totalCost", "grossProfit", "profitMargin", "isActive", "createdAt", "updatedAt") VALUES ('a2b5e9ff-6884-4a59-86a8-929239d93c75', 'd94c04e9-e4bf-444c-87ee-5e7a033915e4', '1e483ee9-fb0c-46ce-984c-8c263b4021a6', 1.5, 0.75, 0.1, 0.05, 0.5, 0.9, 0.6, 40, true, '2025-11-19 11:44:07.933', '2025-11-19 11:44:07.933');
INSERT INTO public."ChannelPrice" (id, "productId", "channelId", "sellingPrice", "productCost", "laborCost", "materialCost", "shippingCost", "totalCost", "grossProfit", "profitMargin", "isActive", "createdAt", "updatedAt") VALUES ('6cbf086a-00a1-4715-bfb1-4e01cc4aab24', 'd94c04e9-e4bf-444c-87ee-5e7a033915e4', 'a2ebc16e-2fbe-4e0d-9514-2e132500b889', 1.5, 0.75, 0.1, 0.05, 0.5, 0.9, 0.6, 40, true, '2025-11-19 11:44:07.936', '2025-11-19 11:44:07.936');
INSERT INTO public."ChannelPrice" (id, "productId", "channelId", "sellingPrice", "productCost", "laborCost", "materialCost", "shippingCost", "totalCost", "grossProfit", "profitMargin", "isActive", "createdAt", "updatedAt") VALUES ('136ef982-cda8-4cf2-956a-c68ccb5c2ff8', 'd94c04e9-e4bf-444c-87ee-5e7a033915e4', '1c3087fe-e713-4a7a-8eac-65cbb26dbf50', 1.5, 0.75, 0.1, 0.05, 0.5, 0.9, 0.6, 40, true, '2025-11-19 11:44:07.938', '2025-11-19 11:44:07.938');
INSERT INTO public."ChannelPrice" (id, "productId", "channelId", "sellingPrice", "productCost", "laborCost", "materialCost", "shippingCost", "totalCost", "grossProfit", "profitMargin", "isActive", "createdAt", "updatedAt") VALUES ('c82d1f84-49d9-4d3c-a582-2725e1d5a8a5', 'd94c04e9-e4bf-444c-87ee-5e7a033915e4', '496f3313-c9aa-4873-b2fe-64aefeb85b66', 1.5, 0.75, 0.1, 0.05, 0.5, 0.9, 0.6, 40, true, '2025-11-19 11:44:07.94', '2025-11-19 11:44:07.94');
INSERT INTO public."ChannelPrice" (id, "productId", "channelId", "sellingPrice", "productCost", "laborCost", "materialCost", "shippingCost", "totalCost", "grossProfit", "profitMargin", "isActive", "createdAt", "updatedAt") VALUES ('3c689dfc-d6bc-459a-9cc1-2f5bfd68817b', 'd94c04e9-e4bf-444c-87ee-5e7a033915e4', '8346d447-3972-4fe7-a6d7-14db88c4993d', 1.2, 0.75, 0.1, 0.05, 0.5, 0.9, 0.2999999999999999, 24.99999999999999, true, '2025-11-19 11:44:07.942', '2025-11-19 11:44:07.942');
INSERT INTO public."ChannelPrice" (id, "productId", "channelId", "sellingPrice", "productCost", "laborCost", "materialCost", "shippingCost", "totalCost", "grossProfit", "profitMargin", "isActive", "createdAt", "updatedAt") VALUES ('650a1dea-0f86-442c-b9a2-e09a24129cc8', '6d6d968b-4df1-4bc4-aaca-989542eaeeea', '1e483ee9-fb0c-46ce-984c-8c263b4021a6', 1.5, 0.75, 0.1, 0.05, 0.5, 0.9, 0.6, 40, true, '2025-11-19 11:44:07.944', '2025-11-19 11:44:07.944');
INSERT INTO public."ChannelPrice" (id, "productId", "channelId", "sellingPrice", "productCost", "laborCost", "materialCost", "shippingCost", "totalCost", "grossProfit", "profitMargin", "isActive", "createdAt", "updatedAt") VALUES ('238761ec-bce6-4851-a6ff-6d634091304d', '6d6d968b-4df1-4bc4-aaca-989542eaeeea', 'a2ebc16e-2fbe-4e0d-9514-2e132500b889', 1.5, 0.75, 0.1, 0.05, 0.5, 0.9, 0.6, 40, true, '2025-11-19 11:44:07.946', '2025-11-19 11:44:07.946');
INSERT INTO public."ChannelPrice" (id, "productId", "channelId", "sellingPrice", "productCost", "laborCost", "materialCost", "shippingCost", "totalCost", "grossProfit", "profitMargin", "isActive", "createdAt", "updatedAt") VALUES ('d32ca8e4-2402-4873-b8f2-9fda2283574d', '6d6d968b-4df1-4bc4-aaca-989542eaeeea', '1c3087fe-e713-4a7a-8eac-65cbb26dbf50', 1.5, 0.75, 0.1, 0.05, 0.5, 0.9, 0.6, 40, true, '2025-11-19 11:44:07.948', '2025-11-19 11:44:07.948');
INSERT INTO public."ChannelPrice" (id, "productId", "channelId", "sellingPrice", "productCost", "laborCost", "materialCost", "shippingCost", "totalCost", "grossProfit", "profitMargin", "isActive", "createdAt", "updatedAt") VALUES ('d0312d2a-e7f4-48ed-bf6a-576e78dfac4d', '6d6d968b-4df1-4bc4-aaca-989542eaeeea', '496f3313-c9aa-4873-b2fe-64aefeb85b66', 1.5, 0.75, 0.1, 0.05, 0.5, 0.9, 0.6, 40, true, '2025-11-19 11:44:07.95', '2025-11-19 11:44:07.95');
INSERT INTO public."ChannelPrice" (id, "productId", "channelId", "sellingPrice", "productCost", "laborCost", "materialCost", "shippingCost", "totalCost", "grossProfit", "profitMargin", "isActive", "createdAt", "updatedAt") VALUES ('d49a6b23-fa9f-438f-9525-fcd8612269e6', '6d6d968b-4df1-4bc4-aaca-989542eaeeea', '8346d447-3972-4fe7-a6d7-14db88c4993d', 1.2, 0.75, 0.1, 0.05, 0.5, 0.9, 0.2999999999999999, 24.99999999999999, true, '2025-11-19 11:44:07.952', '2025-11-19 11:44:07.952');
INSERT INTO public."ChannelPrice" (id, "productId", "channelId", "sellingPrice", "productCost", "laborCost", "materialCost", "shippingCost", "totalCost", "grossProfit", "profitMargin", "isActive", "createdAt", "updatedAt") VALUES ('2ffa7972-c904-453e-af6c-08948acf4167', '480aabb0-d869-419d-9669-ca125386399f', '1e483ee9-fb0c-46ce-984c-8c263b4021a6', 1.5, 0.75, 0.1, 0.05, 0.5, 0.9, 0.6, 40, true, '2025-11-19 11:44:07.954', '2025-11-19 11:44:07.954');
INSERT INTO public."ChannelPrice" (id, "productId", "channelId", "sellingPrice", "productCost", "laborCost", "materialCost", "shippingCost", "totalCost", "grossProfit", "profitMargin", "isActive", "createdAt", "updatedAt") VALUES ('11a64bbc-b13e-4909-8091-b6f7224727aa', '480aabb0-d869-419d-9669-ca125386399f', 'a2ebc16e-2fbe-4e0d-9514-2e132500b889', 1.5, 0.75, 0.1, 0.05, 0.5, 0.9, 0.6, 40, true, '2025-11-19 11:44:07.956', '2025-11-19 11:44:07.956');
INSERT INTO public."ChannelPrice" (id, "productId", "channelId", "sellingPrice", "productCost", "laborCost", "materialCost", "shippingCost", "totalCost", "grossProfit", "profitMargin", "isActive", "createdAt", "updatedAt") VALUES ('9ef32c8a-602a-4fe0-bb97-e8009bf571b5', '480aabb0-d869-419d-9669-ca125386399f', '1c3087fe-e713-4a7a-8eac-65cbb26dbf50', 1.5, 0.75, 0.1, 0.05, 0.5, 0.9, 0.6, 40, true, '2025-11-19 11:44:07.958', '2025-11-19 11:44:07.958');
INSERT INTO public."ChannelPrice" (id, "productId", "channelId", "sellingPrice", "productCost", "laborCost", "materialCost", "shippingCost", "totalCost", "grossProfit", "profitMargin", "isActive", "createdAt", "updatedAt") VALUES ('c3ceea0e-8660-48f8-9ac0-0218d1d26612', '480aabb0-d869-419d-9669-ca125386399f', '496f3313-c9aa-4873-b2fe-64aefeb85b66', 1.5, 0.75, 0.1, 0.05, 0.5, 0.9, 0.6, 40, true, '2025-11-19 11:44:07.96', '2025-11-19 11:44:07.96');
INSERT INTO public."ChannelPrice" (id, "productId", "channelId", "sellingPrice", "productCost", "laborCost", "materialCost", "shippingCost", "totalCost", "grossProfit", "profitMargin", "isActive", "createdAt", "updatedAt") VALUES ('98a43eb8-26c9-43b6-acf3-868df3192a3b', '480aabb0-d869-419d-9669-ca125386399f', '8346d447-3972-4fe7-a6d7-14db88c4993d', 1.2, 0.75, 0.1, 0.05, 0.5, 0.9, 0.2999999999999999, 24.99999999999999, true, '2025-11-19 11:44:07.963', '2025-11-19 11:44:07.963');


--
-- Data for Name: Customer; Type: TABLE DATA; Schema: public; Owner: wms_user
--

INSERT INTO public."Customer" (id, name, code, email, phone, address, "companyId", "customerType", "createdAt", "updatedAt") VALUES ('0ab20f64-d007-4f49-ac33-930403a2372e', 'Wilson Hauck', 'CUST-0001', 'Naomi.Jacobs41@hotmail.com', '1-430-639-6191 x0528', '8747 S Walnut Street', '53c65d84-4606-4b0a-8aa5-6eda9e50c3df', 'B2C', '2025-11-19 11:44:07.967', '2025-11-19 11:44:07.967');
INSERT INTO public."Customer" (id, name, code, email, phone, address, "companyId", "customerType", "createdAt", "updatedAt") VALUES ('f61c167e-aa1b-4bbd-89ef-88e7389bff8d', 'Perry Bartoletti', 'CUST-0002', 'Joseph.Bahringer@yahoo.com', '1-391-580-8261 x33195', '232 Ebert Unions', '53c65d84-4606-4b0a-8aa5-6eda9e50c3df', 'B2C', '2025-11-19 11:44:07.97', '2025-11-19 11:44:07.97');
INSERT INTO public."Customer" (id, name, code, email, phone, address, "companyId", "customerType", "createdAt", "updatedAt") VALUES ('7175802e-90b1-4040-9bc1-db8014550e7b', 'Leon Fahey', 'CUST-0003', 'Mae.Abshire@gmail.com', '448-324-4787 x40779', '725 Riverside Avenue', '53c65d84-4606-4b0a-8aa5-6eda9e50c3df', 'B2C', '2025-11-19 11:44:07.973', '2025-11-19 11:44:07.973');
INSERT INTO public."Customer" (id, name, code, email, phone, address, "companyId", "customerType", "createdAt", "updatedAt") VALUES ('35ed1deb-9390-4155-9a18-d67dfe1e884d', 'Blake Collins', 'CUST-0004', 'Natasha.Mante10@gmail.com', '1-427-918-3089', '1020 Howe Terrace', '53c65d84-4606-4b0a-8aa5-6eda9e50c3df', 'B2C', '2025-11-19 11:44:07.975', '2025-11-19 11:44:07.975');
INSERT INTO public."Customer" (id, name, code, email, phone, address, "companyId", "customerType", "createdAt", "updatedAt") VALUES ('ad99213a-1710-4b2d-a9ec-ca19bfda9466', 'Tasha Stoltenberg', 'CUST-0005', 'Gaetano.Tillman40@gmail.com', '735-608-6573 x56556', '50787 Zieme Falls', '53c65d84-4606-4b0a-8aa5-6eda9e50c3df', 'B2C', '2025-11-19 11:44:07.977', '2025-11-19 11:44:07.977');
INSERT INTO public."Customer" (id, name, code, email, phone, address, "companyId", "customerType", "createdAt", "updatedAt") VALUES ('fdcae699-bc23-4034-9e0b-a812bb9f3214', 'Mr. Patrick Hansen', 'CUST-0006', 'Juwan32@yahoo.com', '449.679.1693 x630', '8777 Sally Knoll', '53c65d84-4606-4b0a-8aa5-6eda9e50c3df', 'B2C', '2025-11-19 11:44:07.979', '2025-11-19 11:44:07.979');
INSERT INTO public."Customer" (id, name, code, email, phone, address, "companyId", "customerType", "createdAt", "updatedAt") VALUES ('7e82aa4d-d470-4ef3-bd37-545fb7be9c71', 'Sandy Ledner-Schulist', 'CUST-0007', 'Araceli_Nader@hotmail.com', '334.500.4224', '8929 Meadow Drive', '53c65d84-4606-4b0a-8aa5-6eda9e50c3df', 'B2C', '2025-11-19 11:44:07.981', '2025-11-19 11:44:07.981');
INSERT INTO public."Customer" (id, name, code, email, phone, address, "companyId", "customerType", "createdAt", "updatedAt") VALUES ('bb107b39-edad-4d11-96ea-f697beeb89b4', 'Clayton Lakin PhD', 'CUST-0008', 'Ernestine.Rath78@yahoo.com', '500.209.2661', '3758 Brandt Cliff', '53c65d84-4606-4b0a-8aa5-6eda9e50c3df', 'B2C', '2025-11-19 11:44:07.983', '2025-11-19 11:44:07.983');
INSERT INTO public."Customer" (id, name, code, email, phone, address, "companyId", "customerType", "createdAt", "updatedAt") VALUES ('03b68f8a-55fb-4cb9-aec0-c43dc8dca68b', 'Dr. Patsy Monahan', 'CUST-0009', 'Annie.Hauck21@yahoo.com', '584.975.2882 x503', '3369 Lulu Rue', '53c65d84-4606-4b0a-8aa5-6eda9e50c3df', 'B2C', '2025-11-19 11:44:07.986', '2025-11-19 11:44:07.986');
INSERT INTO public."Customer" (id, name, code, email, phone, address, "companyId", "customerType", "createdAt", "updatedAt") VALUES ('00c385ff-bfb1-4a55-9c39-15ef9a3d187c', 'Brad Pouros', 'CUST-0010', 'Nina.OConner@hotmail.com', '577-890-3941 x9427', '26684 Jefferson Avenue', '53c65d84-4606-4b0a-8aa5-6eda9e50c3df', 'B2C', '2025-11-19 11:44:07.988', '2025-11-19 11:44:07.988');
INSERT INTO public."Customer" (id, name, code, email, phone, address, "companyId", "customerType", "createdAt", "updatedAt") VALUES ('918d8c09-980a-41a4-94bf-1fb53353d226', 'Heather Koch', 'CUST-0011', 'Erica.Kassulke@hotmail.com', '788-847-0673 x34392', '524 Hellen Overpass', '53c65d84-4606-4b0a-8aa5-6eda9e50c3df', 'B2C', '2025-11-19 11:44:07.99', '2025-11-19 11:44:07.99');
INSERT INTO public."Customer" (id, name, code, email, phone, address, "companyId", "customerType", "createdAt", "updatedAt") VALUES ('a178c691-9456-4170-a793-cefd319db8ce', 'Roger Rosenbaum III', 'CUST-0012', 'Karlie.Erdman74@gmail.com', '(578) 972-5609 x647', '31384 O''Conner Estates', '53c65d84-4606-4b0a-8aa5-6eda9e50c3df', 'B2C', '2025-11-19 11:44:07.992', '2025-11-19 11:44:07.992');
INSERT INTO public."Customer" (id, name, code, email, phone, address, "companyId", "customerType", "createdAt", "updatedAt") VALUES ('1756307b-2631-4390-8781-e7e0a0e7a8b9', 'Leona Roberts', 'CUST-0013', 'Alexys49@hotmail.com', '(218) 846-2760', '54745 Gutmann Ways', '53c65d84-4606-4b0a-8aa5-6eda9e50c3df', 'B2C', '2025-11-19 11:44:07.994', '2025-11-19 11:44:07.994');
INSERT INTO public."Customer" (id, name, code, email, phone, address, "companyId", "customerType", "createdAt", "updatedAt") VALUES ('26c4c219-e34d-4d9e-940d-49c070b18ae0', 'Jennifer O''Keefe', 'CUST-0014', 'Easton.Lesch@hotmail.com', '1-663-301-3051 x908', '5002 Murray Walk', '53c65d84-4606-4b0a-8aa5-6eda9e50c3df', 'B2C', '2025-11-19 11:44:07.995', '2025-11-19 11:44:07.995');
INSERT INTO public."Customer" (id, name, code, email, phone, address, "companyId", "customerType", "createdAt", "updatedAt") VALUES ('efb1a102-acab-4d13-9c4d-dd26b82127cb', 'Annette Abshire', 'CUST-0015', 'Missouri_Mann4@yahoo.com', '1-611-771-2198 x7581', '433 The Maltings', '53c65d84-4606-4b0a-8aa5-6eda9e50c3df', 'B2C', '2025-11-19 11:44:07.997', '2025-11-19 11:44:07.997');
INSERT INTO public."Customer" (id, name, code, email, phone, address, "companyId", "customerType", "createdAt", "updatedAt") VALUES ('5eec9462-1dbd-4573-8aa3-bc641f175775', 'Earnest Kutch', 'CUST-0016', 'Jovany71@gmail.com', '1-319-951-9387 x242', '75578 Amelie Rest', '53c65d84-4606-4b0a-8aa5-6eda9e50c3df', 'B2C', '2025-11-19 11:44:07.999', '2025-11-19 11:44:07.999');
INSERT INTO public."Customer" (id, name, code, email, phone, address, "companyId", "customerType", "createdAt", "updatedAt") VALUES ('7932ff74-858e-4b85-9639-b459e1165560', 'Jared Armstrong', 'CUST-0017', 'Maymie.Hane60@yahoo.com', '1-284-224-6886 x68336', '37839 Welch Corner', '53c65d84-4606-4b0a-8aa5-6eda9e50c3df', 'B2C', '2025-11-19 11:44:08.001', '2025-11-19 11:44:08.001');
INSERT INTO public."Customer" (id, name, code, email, phone, address, "companyId", "customerType", "createdAt", "updatedAt") VALUES ('3e333fb0-43d4-41d2-83f2-4f107b405299', 'Della Bashirian', 'CUST-0018', 'Nicolette.Cole11@yahoo.com', '(213) 689-9806 x926', '734 W 8th Street', '53c65d84-4606-4b0a-8aa5-6eda9e50c3df', 'B2C', '2025-11-19 11:44:08.003', '2025-11-19 11:44:08.003');
INSERT INTO public."Customer" (id, name, code, email, phone, address, "companyId", "customerType", "createdAt", "updatedAt") VALUES ('aa59d558-8f84-4f31-98c5-abc16fa9e51a', 'Jan Gulgowski DVM', 'CUST-0019', 'Rae_Swift@yahoo.com', '1-552-251-8159 x75457', '555 Jacobs Light', '53c65d84-4606-4b0a-8aa5-6eda9e50c3df', 'B2C', '2025-11-19 11:44:08.005', '2025-11-19 11:44:08.005');
INSERT INTO public."Customer" (id, name, code, email, phone, address, "companyId", "customerType", "createdAt", "updatedAt") VALUES ('fd4d456f-4511-4508-8635-736131a31a41', 'Nettie Miller', 'CUST-0020', 'Freda.Parker42@gmail.com', '215-885-6039 x880', '7368 Hoeger Light', '53c65d84-4606-4b0a-8aa5-6eda9e50c3df', 'B2C', '2025-11-19 11:44:08.007', '2025-11-19 11:44:08.007');
INSERT INTO public."Customer" (id, name, code, email, phone, address, "companyId", "customerType", "createdAt", "updatedAt") VALUES ('88de4fc3-bec0-446a-b957-a17b10c2d1f9', 'Koepp and Sons', 'WHSL-0001', 'Karli.Breitenberg@gmail.com', '(933) 487-8033 x20773', '63985 W 11th Street', '53c65d84-4606-4b0a-8aa5-6eda9e50c3df', 'B2B', '2025-11-19 11:44:08.009', '2025-11-19 11:44:08.009');
INSERT INTO public."Customer" (id, name, code, email, phone, address, "companyId", "customerType", "createdAt", "updatedAt") VALUES ('cc2de915-0bef-460e-8a4f-0441d71a8eba', 'Rogahn, Ruecker and Wolff', 'WHSL-0002', 'Chester.White@gmail.com', '(325) 340-2563', '3571 Gertrude Mall', '53c65d84-4606-4b0a-8aa5-6eda9e50c3df', 'B2B', '2025-11-19 11:44:08.011', '2025-11-19 11:44:08.011');
INSERT INTO public."Customer" (id, name, code, email, phone, address, "companyId", "customerType", "createdAt", "updatedAt") VALUES ('3f2e20a1-2ad8-4051-88d6-135a503371e7', 'Upton, Ebert and Gleichner', 'WHSL-0003', 'Sonia_Cormier@gmail.com', '(496) 593-6183 x1556', '4471 Jaden Freeway', '53c65d84-4606-4b0a-8aa5-6eda9e50c3df', 'B2B', '2025-11-19 11:44:08.013', '2025-11-19 11:44:08.013');
INSERT INTO public."Customer" (id, name, code, email, phone, address, "companyId", "customerType", "createdAt", "updatedAt") VALUES ('ac31544b-8946-4776-9ae1-f7564497ef94', 'Marvin - Labadie', 'WHSL-0004', 'Eldridge18@yahoo.com', '234.942.8154', '5666 Rogahn Row', '53c65d84-4606-4b0a-8aa5-6eda9e50c3df', 'B2B', '2025-11-19 11:44:08.015', '2025-11-19 11:44:08.015');
INSERT INTO public."Customer" (id, name, code, email, phone, address, "companyId", "customerType", "createdAt", "updatedAt") VALUES ('2bf6bca6-1dac-4027-91c2-e6b39de97db9', 'O''Kon - Hand', 'WHSL-0005', 'Koby_Willms@gmail.com', '1-998-348-6618 x890', '7645 Howe Green', '53c65d84-4606-4b0a-8aa5-6eda9e50c3df', 'B2B', '2025-11-19 11:44:08.017', '2025-11-19 11:44:08.017');


--
-- Data for Name: Warehouse; Type: TABLE DATA; Schema: public; Owner: wms_user
--

INSERT INTO public."Warehouse" (id, name, code, type, "companyId", address, phone, capacity, status, "createdAt", "updatedAt") VALUES ('c483471e-7137-49fb-b871-316842b061fa', 'Main Distribution Center', 'WH-MAIN', 'MAIN', '53c65d84-4606-4b0a-8aa5-6eda9e50c3df', '123 Distribution Lane, London, UK', '+44 20 1234 5678', 50000, 'ACTIVE', '2025-11-19 11:44:07.488', '2025-11-19 11:44:07.488');
INSERT INTO public."Warehouse" (id, name, code, type, "companyId", address, phone, capacity, status, "createdAt", "updatedAt") VALUES ('6705e2dc-4e4c-4dfd-8744-d2280f7d66d9', 'FBA Prep Warehouse', 'WH-PREP', 'PREP', '53c65d84-4606-4b0a-8aa5-6eda9e50c3df', '456 Prep Street, London, UK', '+44 20 1234 5679', 10000, 'ACTIVE', '2025-11-19 11:44:07.492', '2025-11-19 11:44:07.492');


--
-- Data for Name: Zone; Type: TABLE DATA; Schema: public; Owner: wms_user
--

INSERT INTO public."Zone" (id, name, code, "warehouseId", "zoneType", "createdAt", "updatedAt") VALUES ('7bb35ebd-8244-4d01-a0cd-998acce2c6ba', 'Zone A - Ambient', 'ZN-A', 'c483471e-7137-49fb-b871-316842b061fa', 'STANDARD', '2025-11-19 11:44:07.495', '2025-11-19 11:44:07.495');
INSERT INTO public."Zone" (id, name, code, "warehouseId", "zoneType", "createdAt", "updatedAt") VALUES ('e7cd632e-3de1-4f52-80b2-c686a56a9682', 'Zone B - Ambient', 'ZN-B', 'c483471e-7137-49fb-b871-316842b061fa', 'STANDARD', '2025-11-19 11:44:07.499', '2025-11-19 11:44:07.499');


--
-- Data for Name: Location; Type: TABLE DATA; Schema: public; Owner: wms_user
--

INSERT INTO public."Location" (id, name, code, "warehouseId", "zoneId", aisle, rack, shelf, bin, "createdAt", "updatedAt") VALUES ('5085ebf2-d585-4b8f-9bf8-fe102d6ad9de', 'Location A1', 'LOC-A1', 'c483471e-7137-49fb-b871-316842b061fa', '7bb35ebd-8244-4d01-a0cd-998acce2c6ba', 'A', '1', '1', '1', '2025-11-19 11:44:07.501', '2025-11-19 11:44:07.501');
INSERT INTO public."Location" (id, name, code, "warehouseId", "zoneId", aisle, rack, shelf, bin, "createdAt", "updatedAt") VALUES ('6464d99d-e4e6-493f-8329-7770cad2177f', 'Location A2', 'LOC-A2', 'c483471e-7137-49fb-b871-316842b061fa', '7bb35ebd-8244-4d01-a0cd-998acce2c6ba', 'A', '2', '1', '1', '2025-11-19 11:44:07.505', '2025-11-19 11:44:07.505');
INSERT INTO public."Location" (id, name, code, "warehouseId", "zoneId", aisle, rack, shelf, bin, "createdAt", "updatedAt") VALUES ('e5a503c0-9961-45c0-a242-3fd9e68688fb', 'Location A3', 'LOC-A3', 'c483471e-7137-49fb-b871-316842b061fa', '7bb35ebd-8244-4d01-a0cd-998acce2c6ba', 'A', '3', '1', '1', '2025-11-19 11:44:07.508', '2025-11-19 11:44:07.508');
INSERT INTO public."Location" (id, name, code, "warehouseId", "zoneId", aisle, rack, shelf, bin, "createdAt", "updatedAt") VALUES ('7adf2abf-63fa-4a4f-8285-eec9317dea29', 'Location A4', 'LOC-A4', 'c483471e-7137-49fb-b871-316842b061fa', '7bb35ebd-8244-4d01-a0cd-998acce2c6ba', 'A', '4', '1', '1', '2025-11-19 11:44:07.51', '2025-11-19 11:44:07.51');
INSERT INTO public."Location" (id, name, code, "warehouseId", "zoneId", aisle, rack, shelf, bin, "createdAt", "updatedAt") VALUES ('d4015ba6-3acd-4383-9960-1165b1eac867', 'Location A5', 'LOC-A5', 'c483471e-7137-49fb-b871-316842b061fa', '7bb35ebd-8244-4d01-a0cd-998acce2c6ba', 'A', '5', '1', '1', '2025-11-19 11:44:07.512', '2025-11-19 11:44:07.512');
INSERT INTO public."Location" (id, name, code, "warehouseId", "zoneId", aisle, rack, shelf, bin, "createdAt", "updatedAt") VALUES ('92e613d1-fd13-4ae6-a470-16d22dd4a0d1', 'Location B1', 'LOC-B1', 'c483471e-7137-49fb-b871-316842b061fa', '7bb35ebd-8244-4d01-a0cd-998acce2c6ba', 'B', '1', '1', '1', '2025-11-19 11:44:07.515', '2025-11-19 11:44:07.515');
INSERT INTO public."Location" (id, name, code, "warehouseId", "zoneId", aisle, rack, shelf, bin, "createdAt", "updatedAt") VALUES ('cf25c988-320b-4985-ae68-3292414b9146', 'Location B2', 'LOC-B2', 'c483471e-7137-49fb-b871-316842b061fa', '7bb35ebd-8244-4d01-a0cd-998acce2c6ba', 'B', '2', '1', '1', '2025-11-19 11:44:07.517', '2025-11-19 11:44:07.517');
INSERT INTO public."Location" (id, name, code, "warehouseId", "zoneId", aisle, rack, shelf, bin, "createdAt", "updatedAt") VALUES ('f195082d-dcab-406a-b35b-ebc0234ee57e', 'Location B3', 'LOC-B3', 'c483471e-7137-49fb-b871-316842b061fa', '7bb35ebd-8244-4d01-a0cd-998acce2c6ba', 'B', '3', '1', '1', '2025-11-19 11:44:07.52', '2025-11-19 11:44:07.52');
INSERT INTO public."Location" (id, name, code, "warehouseId", "zoneId", aisle, rack, shelf, bin, "createdAt", "updatedAt") VALUES ('1ac9db3b-6de9-43b2-aa23-35ccc447292d', 'Location B4', 'LOC-B4', 'c483471e-7137-49fb-b871-316842b061fa', '7bb35ebd-8244-4d01-a0cd-998acce2c6ba', 'B', '4', '1', '1', '2025-11-19 11:44:07.522', '2025-11-19 11:44:07.522');
INSERT INTO public."Location" (id, name, code, "warehouseId", "zoneId", aisle, rack, shelf, bin, "createdAt", "updatedAt") VALUES ('1c5823ae-e350-4a24-8286-7108860f0149', 'Location B5', 'LOC-B5', 'c483471e-7137-49fb-b871-316842b061fa', '7bb35ebd-8244-4d01-a0cd-998acce2c6ba', 'B', '5', '1', '1', '2025-11-19 11:44:07.524', '2025-11-19 11:44:07.524');
INSERT INTO public."Location" (id, name, code, "warehouseId", "zoneId", aisle, rack, shelf, bin, "createdAt", "updatedAt") VALUES ('98d25169-b34a-4948-ae13-de35a91e005f', 'Location C1', 'LOC-C1', 'c483471e-7137-49fb-b871-316842b061fa', 'e7cd632e-3de1-4f52-80b2-c686a56a9682', 'C', '1', '1', '1', '2025-11-19 11:44:07.526', '2025-11-19 11:44:07.526');
INSERT INTO public."Location" (id, name, code, "warehouseId", "zoneId", aisle, rack, shelf, bin, "createdAt", "updatedAt") VALUES ('0c2cf619-65d1-429e-a342-fa4a44fae160', 'Location C2', 'LOC-C2', 'c483471e-7137-49fb-b871-316842b061fa', 'e7cd632e-3de1-4f52-80b2-c686a56a9682', 'C', '2', '1', '1', '2025-11-19 11:44:07.529', '2025-11-19 11:44:07.529');
INSERT INTO public."Location" (id, name, code, "warehouseId", "zoneId", aisle, rack, shelf, bin, "createdAt", "updatedAt") VALUES ('41644e41-38e3-4b3d-89ff-20a0035b20de', 'Location C3', 'LOC-C3', 'c483471e-7137-49fb-b871-316842b061fa', 'e7cd632e-3de1-4f52-80b2-c686a56a9682', 'C', '3', '1', '1', '2025-11-19 11:44:07.531', '2025-11-19 11:44:07.531');
INSERT INTO public."Location" (id, name, code, "warehouseId", "zoneId", aisle, rack, shelf, bin, "createdAt", "updatedAt") VALUES ('3bb1cc12-c4b1-4400-bfe9-3c2c09439d1b', 'Location C4', 'LOC-C4', 'c483471e-7137-49fb-b871-316842b061fa', 'e7cd632e-3de1-4f52-80b2-c686a56a9682', 'C', '4', '1', '1', '2025-11-19 11:44:07.533', '2025-11-19 11:44:07.533');
INSERT INTO public."Location" (id, name, code, "warehouseId", "zoneId", aisle, rack, shelf, bin, "createdAt", "updatedAt") VALUES ('bcb417cd-d079-4d59-babb-be6124e09ef0', 'Location C5', 'LOC-C5', 'c483471e-7137-49fb-b871-316842b061fa', 'e7cd632e-3de1-4f52-80b2-c686a56a9682', 'C', '5', '1', '1', '2025-11-19 11:44:07.535', '2025-11-19 11:44:07.535');
INSERT INTO public."Location" (id, name, code, "warehouseId", "zoneId", aisle, rack, shelf, bin, "createdAt", "updatedAt") VALUES ('aba8b295-1646-4c7c-a9a4-72ccddfa10b1', 'Location D1', 'LOC-D1', 'c483471e-7137-49fb-b871-316842b061fa', 'e7cd632e-3de1-4f52-80b2-c686a56a9682', 'D', '1', '1', '1', '2025-11-19 11:44:07.537', '2025-11-19 11:44:07.537');
INSERT INTO public."Location" (id, name, code, "warehouseId", "zoneId", aisle, rack, shelf, bin, "createdAt", "updatedAt") VALUES ('593de726-cf31-453e-8aef-9723b7dc431c', 'Location D2', 'LOC-D2', 'c483471e-7137-49fb-b871-316842b061fa', 'e7cd632e-3de1-4f52-80b2-c686a56a9682', 'D', '2', '1', '1', '2025-11-19 11:44:07.539', '2025-11-19 11:44:07.539');
INSERT INTO public."Location" (id, name, code, "warehouseId", "zoneId", aisle, rack, shelf, bin, "createdAt", "updatedAt") VALUES ('365c712f-7863-45bd-a2fc-9ca81e0adae5', 'Location D3', 'LOC-D3', 'c483471e-7137-49fb-b871-316842b061fa', 'e7cd632e-3de1-4f52-80b2-c686a56a9682', 'D', '3', '1', '1', '2025-11-19 11:44:07.541', '2025-11-19 11:44:07.541');
INSERT INTO public."Location" (id, name, code, "warehouseId", "zoneId", aisle, rack, shelf, bin, "createdAt", "updatedAt") VALUES ('482ffa9f-86bb-45b0-b2fc-e50c8c9aebaf', 'Location D4', 'LOC-D4', 'c483471e-7137-49fb-b871-316842b061fa', 'e7cd632e-3de1-4f52-80b2-c686a56a9682', 'D', '4', '1', '1', '2025-11-19 11:44:07.542', '2025-11-19 11:44:07.542');
INSERT INTO public."Location" (id, name, code, "warehouseId", "zoneId", aisle, rack, shelf, bin, "createdAt", "updatedAt") VALUES ('aa7ad9c3-928e-4d9a-b9eb-9984a2013a61', 'Location D5', 'LOC-D5', 'c483471e-7137-49fb-b871-316842b061fa', 'e7cd632e-3de1-4f52-80b2-c686a56a9682', 'D', '5', '1', '1', '2025-11-19 11:44:07.544', '2025-11-19 11:44:07.544');


--
-- Data for Name: Inventory; Type: TABLE DATA; Schema: public; Owner: wms_user
--

INSERT INTO public."Inventory" (id, "productId", "warehouseId", "locationId", "lotNumber", "batchNumber", "serialNumber", "bestBeforeDate", "receivedDate", quantity, "availableQuantity", "reservedQuantity", status, "createdAt", "updatedAt") VALUES ('bb3c0202-6be6-45b9-a4cd-70ae2bd930fd', 'c2bf33c2-65da-4800-99d8-f510431025f2', 'c483471e-7137-49fb-b871-316842b061fa', '98d25169-b34a-4948-ae13-de35a91e005f', 'LOT-VHBE36', 'LOT-VHBE36', NULL, '2026-01-18 11:44:07.699', '2025-10-20 11:44:07.699', 120, 120, 0, 'AVAILABLE', '2025-11-19 11:44:07.702', '2025-11-19 11:44:07.702');
INSERT INTO public."Inventory" (id, "productId", "warehouseId", "locationId", "lotNumber", "batchNumber", "serialNumber", "bestBeforeDate", "receivedDate", quantity, "availableQuantity", "reservedQuantity", status, "createdAt", "updatedAt") VALUES ('7ff1878a-68bb-430a-86f2-c82226856a45', 'c2bf33c2-65da-4800-99d8-f510431025f2', 'c483471e-7137-49fb-b871-316842b061fa', 'e5a503c0-9961-45c0-a242-3fd9e68688fb', 'LOT-YPBOJJ', 'LOT-YPBOJJ', NULL, '2026-05-18 11:44:07.699', '2025-10-20 11:44:07.699', 160, 160, 0, 'AVAILABLE', '2025-11-19 11:44:07.707', '2025-11-19 11:44:07.707');
INSERT INTO public."Inventory" (id, "productId", "warehouseId", "locationId", "lotNumber", "batchNumber", "serialNumber", "bestBeforeDate", "receivedDate", quantity, "availableQuantity", "reservedQuantity", status, "createdAt", "updatedAt") VALUES ('7ecce01c-dd15-4bee-90d2-1fdb2ea02818', 'c2bf33c2-65da-4800-99d8-f510431025f2', 'c483471e-7137-49fb-b871-316842b061fa', 'f195082d-dcab-406a-b35b-ebc0234ee57e', 'LOT-R6IQQF', 'LOT-R6IQQF', NULL, '2026-09-15 11:44:07.699', '2025-10-20 11:44:07.699', 395, 395, 0, 'AVAILABLE', '2025-11-19 11:44:07.71', '2025-11-19 11:44:07.71');
INSERT INTO public."Inventory" (id, "productId", "warehouseId", "locationId", "lotNumber", "batchNumber", "serialNumber", "bestBeforeDate", "receivedDate", quantity, "availableQuantity", "reservedQuantity", status, "createdAt", "updatedAt") VALUES ('93d1aae9-8b4d-4fc7-8a1b-2bf6f92919f8', '575bb91e-4ae2-4841-931e-fb1667ce544e', 'c483471e-7137-49fb-b871-316842b061fa', '1ac9db3b-6de9-43b2-aa23-35ccc447292d', 'LOT-PDU52X', 'LOT-PDU52X', NULL, '2026-01-18 11:44:07.699', '2025-10-20 11:44:07.699', 117, 117, 0, 'AVAILABLE', '2025-11-19 11:44:07.713', '2025-11-19 11:44:07.713');
INSERT INTO public."Inventory" (id, "productId", "warehouseId", "locationId", "lotNumber", "batchNumber", "serialNumber", "bestBeforeDate", "receivedDate", quantity, "availableQuantity", "reservedQuantity", status, "createdAt", "updatedAt") VALUES ('05af866a-c37e-4451-a1fc-16a36aedb4fd', '575bb91e-4ae2-4841-931e-fb1667ce544e', 'c483471e-7137-49fb-b871-316842b061fa', '7adf2abf-63fa-4a4f-8285-eec9317dea29', 'LOT-AJUPVV', 'LOT-AJUPVV', NULL, '2026-05-18 11:44:07.699', '2025-10-20 11:44:07.699', 263, 263, 0, 'AVAILABLE', '2025-11-19 11:44:07.716', '2025-11-19 11:44:07.716');
INSERT INTO public."Inventory" (id, "productId", "warehouseId", "locationId", "lotNumber", "batchNumber", "serialNumber", "bestBeforeDate", "receivedDate", quantity, "availableQuantity", "reservedQuantity", status, "createdAt", "updatedAt") VALUES ('dd9cf7a7-89ab-406b-847e-048c695f42b0', '575bb91e-4ae2-4841-931e-fb1667ce544e', 'c483471e-7137-49fb-b871-316842b061fa', 'f195082d-dcab-406a-b35b-ebc0234ee57e', 'LOT-5MTWOV', 'LOT-5MTWOV', NULL, '2026-09-15 11:44:07.699', '2025-10-20 11:44:07.699', 352, 352, 0, 'AVAILABLE', '2025-11-19 11:44:07.718', '2025-11-19 11:44:07.718');
INSERT INTO public."Inventory" (id, "productId", "warehouseId", "locationId", "lotNumber", "batchNumber", "serialNumber", "bestBeforeDate", "receivedDate", quantity, "availableQuantity", "reservedQuantity", status, "createdAt", "updatedAt") VALUES ('09cb9a41-a074-4683-807c-c025437fe419', '3f618851-f529-45d2-a466-934713d86aa4', 'c483471e-7137-49fb-b871-316842b061fa', '3bb1cc12-c4b1-4400-bfe9-3c2c09439d1b', 'LOT-OVGRNB', 'LOT-OVGRNB', NULL, '2026-01-18 11:44:07.699', '2025-10-20 11:44:07.699', 119, 119, 0, 'AVAILABLE', '2025-11-19 11:44:07.721', '2025-11-19 11:44:07.721');
INSERT INTO public."Inventory" (id, "productId", "warehouseId", "locationId", "lotNumber", "batchNumber", "serialNumber", "bestBeforeDate", "receivedDate", quantity, "availableQuantity", "reservedQuantity", status, "createdAt", "updatedAt") VALUES ('b679a7e5-49d5-4917-b43c-519da330d403', '3f618851-f529-45d2-a466-934713d86aa4', 'c483471e-7137-49fb-b871-316842b061fa', '92e613d1-fd13-4ae6-a470-16d22dd4a0d1', 'LOT-BFG98J', 'LOT-BFG98J', NULL, '2026-05-18 11:44:07.699', '2025-10-20 11:44:07.699', 260, 260, 0, 'AVAILABLE', '2025-11-19 11:44:07.723', '2025-11-19 11:44:07.723');
INSERT INTO public."Inventory" (id, "productId", "warehouseId", "locationId", "lotNumber", "batchNumber", "serialNumber", "bestBeforeDate", "receivedDate", quantity, "availableQuantity", "reservedQuantity", status, "createdAt", "updatedAt") VALUES ('5cf9c51b-d599-4e04-8afe-80e0c83cc2c2', '3f618851-f529-45d2-a466-934713d86aa4', 'c483471e-7137-49fb-b871-316842b061fa', 'cf25c988-320b-4985-ae68-3292414b9146', 'LOT-DIJSFO', 'LOT-DIJSFO', NULL, '2026-09-15 11:44:07.699', '2025-10-20 11:44:07.699', 350, 350, 0, 'AVAILABLE', '2025-11-19 11:44:07.725', '2025-11-19 11:44:07.725');
INSERT INTO public."Inventory" (id, "productId", "warehouseId", "locationId", "lotNumber", "batchNumber", "serialNumber", "bestBeforeDate", "receivedDate", quantity, "availableQuantity", "reservedQuantity", status, "createdAt", "updatedAt") VALUES ('95bf505f-0754-4fc2-a089-a19493bf7637', '077c0fc8-95bb-4769-a7d4-c288beb71d7d', 'c483471e-7137-49fb-b871-316842b061fa', 'e5a503c0-9961-45c0-a242-3fd9e68688fb', 'LOT-HD6SGC', 'LOT-HD6SGC', NULL, '2026-01-18 11:44:07.699', '2025-10-20 11:44:07.699', 129, 129, 0, 'AVAILABLE', '2025-11-19 11:44:07.728', '2025-11-19 11:44:07.728');
INSERT INTO public."Inventory" (id, "productId", "warehouseId", "locationId", "lotNumber", "batchNumber", "serialNumber", "bestBeforeDate", "receivedDate", quantity, "availableQuantity", "reservedQuantity", status, "createdAt", "updatedAt") VALUES ('1879cf6f-505f-4d7e-9e79-38fc7a4ece8b', '077c0fc8-95bb-4769-a7d4-c288beb71d7d', 'c483471e-7137-49fb-b871-316842b061fa', 'bcb417cd-d079-4d59-babb-be6124e09ef0', 'LOT-XRKEU9', 'LOT-XRKEU9', NULL, '2026-05-18 11:44:07.699', '2025-10-20 11:44:07.699', 254, 254, 0, 'AVAILABLE', '2025-11-19 11:44:07.731', '2025-11-19 11:44:07.731');
INSERT INTO public."Inventory" (id, "productId", "warehouseId", "locationId", "lotNumber", "batchNumber", "serialNumber", "bestBeforeDate", "receivedDate", quantity, "availableQuantity", "reservedQuantity", status, "createdAt", "updatedAt") VALUES ('7c9434d6-7e97-445d-91ba-3a7f229fba2b', '077c0fc8-95bb-4769-a7d4-c288beb71d7d', 'c483471e-7137-49fb-b871-316842b061fa', '7adf2abf-63fa-4a4f-8285-eec9317dea29', 'LOT-50FAL9', 'LOT-50FAL9', NULL, '2026-09-15 11:44:07.699', '2025-10-20 11:44:07.699', 445, 445, 0, 'AVAILABLE', '2025-11-19 11:44:07.734', '2025-11-19 11:44:07.734');
INSERT INTO public."Inventory" (id, "productId", "warehouseId", "locationId", "lotNumber", "batchNumber", "serialNumber", "bestBeforeDate", "receivedDate", quantity, "availableQuantity", "reservedQuantity", status, "createdAt", "updatedAt") VALUES ('178f657c-6369-45c4-8637-c98ce5deaf6b', '7aab4882-2997-44ce-a80c-7bbd50025f8a', 'c483471e-7137-49fb-b871-316842b061fa', '6464d99d-e4e6-493f-8329-7770cad2177f', 'LOT-NCUXBV', 'LOT-NCUXBV', NULL, '2026-01-18 11:44:07.699', '2025-10-20 11:44:07.699', 109, 109, 0, 'AVAILABLE', '2025-11-19 11:44:07.736', '2025-11-19 11:44:07.736');
INSERT INTO public."Inventory" (id, "productId", "warehouseId", "locationId", "lotNumber", "batchNumber", "serialNumber", "bestBeforeDate", "receivedDate", quantity, "availableQuantity", "reservedQuantity", status, "createdAt", "updatedAt") VALUES ('16b674b7-0212-4ff2-ae55-c35a46328c9a', '7aab4882-2997-44ce-a80c-7bbd50025f8a', 'c483471e-7137-49fb-b871-316842b061fa', 'f195082d-dcab-406a-b35b-ebc0234ee57e', 'LOT-4MI8MP', 'LOT-4MI8MP', NULL, '2026-05-18 11:44:07.699', '2025-10-20 11:44:07.699', 147, 147, 0, 'AVAILABLE', '2025-11-19 11:44:07.739', '2025-11-19 11:44:07.739');
INSERT INTO public."Inventory" (id, "productId", "warehouseId", "locationId", "lotNumber", "batchNumber", "serialNumber", "bestBeforeDate", "receivedDate", quantity, "availableQuantity", "reservedQuantity", status, "createdAt", "updatedAt") VALUES ('6208430e-f9a2-44a2-8a2c-b82c2b4a05db', '7aab4882-2997-44ce-a80c-7bbd50025f8a', 'c483471e-7137-49fb-b871-316842b061fa', '41644e41-38e3-4b3d-89ff-20a0035b20de', 'LOT-UV8LVT', 'LOT-UV8LVT', NULL, '2026-09-15 11:44:07.699', '2025-10-20 11:44:07.699', 291, 291, 0, 'AVAILABLE', '2025-11-19 11:44:07.741', '2025-11-19 11:44:07.741');
INSERT INTO public."Inventory" (id, "productId", "warehouseId", "locationId", "lotNumber", "batchNumber", "serialNumber", "bestBeforeDate", "receivedDate", quantity, "availableQuantity", "reservedQuantity", status, "createdAt", "updatedAt") VALUES ('4380ec91-36f8-4850-ad05-d4ea8d9b370f', 'd2d60122-eda5-47a0-87de-f909bdf5a386', 'c483471e-7137-49fb-b871-316842b061fa', '1c5823ae-e350-4a24-8286-7108860f0149', 'LOT-5KZW3D', 'LOT-5KZW3D', NULL, '2026-01-18 11:44:07.699', '2025-10-20 11:44:07.699', 92, 92, 0, 'AVAILABLE', '2025-11-19 11:44:07.744', '2025-11-19 11:44:07.744');
INSERT INTO public."Inventory" (id, "productId", "warehouseId", "locationId", "lotNumber", "batchNumber", "serialNumber", "bestBeforeDate", "receivedDate", quantity, "availableQuantity", "reservedQuantity", status, "createdAt", "updatedAt") VALUES ('ae0a2071-02e5-4593-8f6a-a60964bcb47d', 'd2d60122-eda5-47a0-87de-f909bdf5a386', 'c483471e-7137-49fb-b871-316842b061fa', '1c5823ae-e350-4a24-8286-7108860f0149', 'LOT-X2LCEC', 'LOT-X2LCEC', NULL, '2026-05-18 11:44:07.699', '2025-10-20 11:44:07.699', 136, 136, 0, 'AVAILABLE', '2025-11-19 11:44:07.746', '2025-11-19 11:44:07.746');
INSERT INTO public."Inventory" (id, "productId", "warehouseId", "locationId", "lotNumber", "batchNumber", "serialNumber", "bestBeforeDate", "receivedDate", quantity, "availableQuantity", "reservedQuantity", status, "createdAt", "updatedAt") VALUES ('f0f27c0f-a29c-4ce4-986d-37076e8b3c44', 'd2d60122-eda5-47a0-87de-f909bdf5a386', 'c483471e-7137-49fb-b871-316842b061fa', 'bcb417cd-d079-4d59-babb-be6124e09ef0', 'LOT-9NGHOA', 'LOT-9NGHOA', NULL, '2026-09-15 11:44:07.699', '2025-10-20 11:44:07.699', 445, 445, 0, 'AVAILABLE', '2025-11-19 11:44:07.748', '2025-11-19 11:44:07.748');
INSERT INTO public."Inventory" (id, "productId", "warehouseId", "locationId", "lotNumber", "batchNumber", "serialNumber", "bestBeforeDate", "receivedDate", quantity, "availableQuantity", "reservedQuantity", status, "createdAt", "updatedAt") VALUES ('e28dd0d4-c951-4293-993a-da5e057919b8', '55df8fe6-9551-4edf-ad87-21fecdb5b1dd', 'c483471e-7137-49fb-b871-316842b061fa', 'e5a503c0-9961-45c0-a242-3fd9e68688fb', 'LOT-IEUADM', 'LOT-IEUADM', NULL, '2026-01-18 11:44:07.699', '2025-10-20 11:44:07.699', 59, 59, 0, 'AVAILABLE', '2025-11-19 11:44:07.75', '2025-11-19 11:44:07.75');
INSERT INTO public."Inventory" (id, "productId", "warehouseId", "locationId", "lotNumber", "batchNumber", "serialNumber", "bestBeforeDate", "receivedDate", quantity, "availableQuantity", "reservedQuantity", status, "createdAt", "updatedAt") VALUES ('55310739-867a-4b85-81b7-1a531c6dce34', '55df8fe6-9551-4edf-ad87-21fecdb5b1dd', 'c483471e-7137-49fb-b871-316842b061fa', '5085ebf2-d585-4b8f-9bf8-fe102d6ad9de', 'LOT-HK6ML9', 'LOT-HK6ML9', NULL, '2026-05-18 11:44:07.699', '2025-10-20 11:44:07.699', 300, 300, 0, 'AVAILABLE', '2025-11-19 11:44:07.752', '2025-11-19 11:44:07.752');
INSERT INTO public."Inventory" (id, "productId", "warehouseId", "locationId", "lotNumber", "batchNumber", "serialNumber", "bestBeforeDate", "receivedDate", quantity, "availableQuantity", "reservedQuantity", status, "createdAt", "updatedAt") VALUES ('c0396b66-6750-4792-a734-9ebe00372a55', '55df8fe6-9551-4edf-ad87-21fecdb5b1dd', 'c483471e-7137-49fb-b871-316842b061fa', 'aa7ad9c3-928e-4d9a-b9eb-9984a2013a61', 'LOT-ISSCJH', 'LOT-ISSCJH', NULL, '2026-09-15 11:44:07.699', '2025-10-20 11:44:07.699', 385, 385, 0, 'AVAILABLE', '2025-11-19 11:44:07.754', '2025-11-19 11:44:07.754');
INSERT INTO public."Inventory" (id, "productId", "warehouseId", "locationId", "lotNumber", "batchNumber", "serialNumber", "bestBeforeDate", "receivedDate", quantity, "availableQuantity", "reservedQuantity", status, "createdAt", "updatedAt") VALUES ('dd1f92bb-a455-429d-8bea-0ef02756b73d', 'd94c04e9-e4bf-444c-87ee-5e7a033915e4', 'c483471e-7137-49fb-b871-316842b061fa', '5085ebf2-d585-4b8f-9bf8-fe102d6ad9de', 'LOT-IXNVGT', 'LOT-IXNVGT', NULL, '2026-01-18 11:44:07.699', '2025-10-20 11:44:07.699', 119, 119, 0, 'AVAILABLE', '2025-11-19 11:44:07.757', '2025-11-19 11:44:07.757');
INSERT INTO public."Inventory" (id, "productId", "warehouseId", "locationId", "lotNumber", "batchNumber", "serialNumber", "bestBeforeDate", "receivedDate", quantity, "availableQuantity", "reservedQuantity", status, "createdAt", "updatedAt") VALUES ('cc97e76c-dc79-4f3f-9210-f33f2b9d51e8', 'd94c04e9-e4bf-444c-87ee-5e7a033915e4', 'c483471e-7137-49fb-b871-316842b061fa', '41644e41-38e3-4b3d-89ff-20a0035b20de', 'LOT-PRYW0P', 'LOT-PRYW0P', NULL, '2026-05-18 11:44:07.699', '2025-10-20 11:44:07.699', 197, 197, 0, 'AVAILABLE', '2025-11-19 11:44:07.759', '2025-11-19 11:44:07.759');
INSERT INTO public."Inventory" (id, "productId", "warehouseId", "locationId", "lotNumber", "batchNumber", "serialNumber", "bestBeforeDate", "receivedDate", quantity, "availableQuantity", "reservedQuantity", status, "createdAt", "updatedAt") VALUES ('eedad10c-bd2a-4354-b976-8d358ac7bbfb', 'd94c04e9-e4bf-444c-87ee-5e7a033915e4', 'c483471e-7137-49fb-b871-316842b061fa', '7adf2abf-63fa-4a4f-8285-eec9317dea29', 'LOT-RH8PXW', 'LOT-RH8PXW', NULL, '2026-09-15 11:44:07.699', '2025-10-20 11:44:07.699', 331, 331, 0, 'AVAILABLE', '2025-11-19 11:44:07.761', '2025-11-19 11:44:07.761');
INSERT INTO public."Inventory" (id, "productId", "warehouseId", "locationId", "lotNumber", "batchNumber", "serialNumber", "bestBeforeDate", "receivedDate", quantity, "availableQuantity", "reservedQuantity", status, "createdAt", "updatedAt") VALUES ('9daebf77-2c81-459f-aab0-0eac199c7018', '6d6d968b-4df1-4bc4-aaca-989542eaeeea', 'c483471e-7137-49fb-b871-316842b061fa', '1c5823ae-e350-4a24-8286-7108860f0149', 'LOT-GN53NM', 'LOT-GN53NM', NULL, '2026-01-18 11:44:07.699', '2025-10-20 11:44:07.699', 93, 93, 0, 'AVAILABLE', '2025-11-19 11:44:07.763', '2025-11-19 11:44:07.763');
INSERT INTO public."Inventory" (id, "productId", "warehouseId", "locationId", "lotNumber", "batchNumber", "serialNumber", "bestBeforeDate", "receivedDate", quantity, "availableQuantity", "reservedQuantity", status, "createdAt", "updatedAt") VALUES ('8519a864-e9f7-4a29-aad2-c6ecae7746d9', '6d6d968b-4df1-4bc4-aaca-989542eaeeea', 'c483471e-7137-49fb-b871-316842b061fa', '7adf2abf-63fa-4a4f-8285-eec9317dea29', 'LOT-HM8JNG', 'LOT-HM8JNG', NULL, '2026-05-18 11:44:07.699', '2025-10-20 11:44:07.699', 153, 153, 0, 'AVAILABLE', '2025-11-19 11:44:07.765', '2025-11-19 11:44:07.765');
INSERT INTO public."Inventory" (id, "productId", "warehouseId", "locationId", "lotNumber", "batchNumber", "serialNumber", "bestBeforeDate", "receivedDate", quantity, "availableQuantity", "reservedQuantity", status, "createdAt", "updatedAt") VALUES ('75708fd0-b132-4a16-891f-b4e71e6b77b0', '6d6d968b-4df1-4bc4-aaca-989542eaeeea', 'c483471e-7137-49fb-b871-316842b061fa', 'f195082d-dcab-406a-b35b-ebc0234ee57e', 'LOT-OKFH1U', 'LOT-OKFH1U', NULL, '2026-09-15 11:44:07.699', '2025-10-20 11:44:07.699', 292, 292, 0, 'AVAILABLE', '2025-11-19 11:44:07.767', '2025-11-19 11:44:07.767');
INSERT INTO public."Inventory" (id, "productId", "warehouseId", "locationId", "lotNumber", "batchNumber", "serialNumber", "bestBeforeDate", "receivedDate", quantity, "availableQuantity", "reservedQuantity", status, "createdAt", "updatedAt") VALUES ('8a4fb8c5-9d11-4a02-bdcb-8e944c76f802', '480aabb0-d869-419d-9669-ca125386399f', 'c483471e-7137-49fb-b871-316842b061fa', '1c5823ae-e350-4a24-8286-7108860f0149', 'LOT-MGRY3B', 'LOT-MGRY3B', NULL, '2026-01-18 11:44:07.699', '2025-10-20 11:44:07.699', 97, 97, 0, 'AVAILABLE', '2025-11-19 11:44:07.77', '2025-11-19 11:44:07.77');
INSERT INTO public."Inventory" (id, "productId", "warehouseId", "locationId", "lotNumber", "batchNumber", "serialNumber", "bestBeforeDate", "receivedDate", quantity, "availableQuantity", "reservedQuantity", status, "createdAt", "updatedAt") VALUES ('16d9f1b3-a909-4263-a6b2-4541c453efe0', '480aabb0-d869-419d-9669-ca125386399f', 'c483471e-7137-49fb-b871-316842b061fa', 'e5a503c0-9961-45c0-a242-3fd9e68688fb', 'LOT-EQRCFB', 'LOT-EQRCFB', NULL, '2026-05-18 11:44:07.699', '2025-10-20 11:44:07.699', 181, 181, 0, 'AVAILABLE', '2025-11-19 11:44:07.772', '2025-11-19 11:44:07.772');
INSERT INTO public."Inventory" (id, "productId", "warehouseId", "locationId", "lotNumber", "batchNumber", "serialNumber", "bestBeforeDate", "receivedDate", quantity, "availableQuantity", "reservedQuantity", status, "createdAt", "updatedAt") VALUES ('b0686146-acc1-4a10-b945-9eea5e4efc58', '480aabb0-d869-419d-9669-ca125386399f', 'c483471e-7137-49fb-b871-316842b061fa', '3bb1cc12-c4b1-4400-bfe9-3c2c09439d1b', 'LOT-LFBY2Q', 'LOT-LFBY2Q', NULL, '2026-09-15 11:44:07.699', '2025-10-20 11:44:07.699', 490, 490, 0, 'AVAILABLE', '2025-11-19 11:44:07.774', '2025-11-19 11:44:07.774');
INSERT INTO public."Inventory" (id, "productId", "warehouseId", "locationId", "lotNumber", "batchNumber", "serialNumber", "bestBeforeDate", "receivedDate", quantity, "availableQuantity", "reservedQuantity", status, "createdAt", "updatedAt") VALUES ('83398c9e-0ed9-4caa-b45e-61dd38c8c862', 'f8382845-039b-4149-88e2-c4c1f33bdea6', 'c483471e-7137-49fb-b871-316842b061fa', '482ffa9f-86bb-45b0-b2fc-e50c8c9aebaf', 'LOT-RIQLTB', 'LOT-RIQLTB', NULL, '2026-01-18 11:44:07.699', '2025-10-20 11:44:07.699', 59, 59, 0, 'AVAILABLE', '2025-11-19 11:44:07.776', '2025-11-19 11:44:07.776');
INSERT INTO public."Inventory" (id, "productId", "warehouseId", "locationId", "lotNumber", "batchNumber", "serialNumber", "bestBeforeDate", "receivedDate", quantity, "availableQuantity", "reservedQuantity", status, "createdAt", "updatedAt") VALUES ('0ed1ed61-eb0e-439d-9bde-adb36401594c', 'f8382845-039b-4149-88e2-c4c1f33bdea6', 'c483471e-7137-49fb-b871-316842b061fa', '1ac9db3b-6de9-43b2-aa23-35ccc447292d', 'LOT-K1WZNU', 'LOT-K1WZNU', NULL, '2026-05-18 11:44:07.699', '2025-10-20 11:44:07.699', 297, 297, 0, 'AVAILABLE', '2025-11-19 11:44:07.778', '2025-11-19 11:44:07.778');
INSERT INTO public."Inventory" (id, "productId", "warehouseId", "locationId", "lotNumber", "batchNumber", "serialNumber", "bestBeforeDate", "receivedDate", quantity, "availableQuantity", "reservedQuantity", status, "createdAt", "updatedAt") VALUES ('b7a2fb5f-d318-419f-a72a-ad2c9988b9dc', 'f8382845-039b-4149-88e2-c4c1f33bdea6', 'c483471e-7137-49fb-b871-316842b061fa', '7adf2abf-63fa-4a4f-8285-eec9317dea29', 'LOT-YH5DP0', 'LOT-YH5DP0', NULL, '2026-09-15 11:44:07.699', '2025-10-20 11:44:07.699', 447, 447, 0, 'AVAILABLE', '2025-11-19 11:44:07.781', '2025-11-19 11:44:07.781');
INSERT INTO public."Inventory" (id, "productId", "warehouseId", "locationId", "lotNumber", "batchNumber", "serialNumber", "bestBeforeDate", "receivedDate", quantity, "availableQuantity", "reservedQuantity", status, "createdAt", "updatedAt") VALUES ('585f2d16-5aa9-4a42-b184-78f5b97f74f3', '0284163e-aa5a-45b5-8191-803fea0f3551', 'c483471e-7137-49fb-b871-316842b061fa', '593de726-cf31-453e-8aef-9723b7dc431c', 'LOT-LG8GU9', 'LOT-LG8GU9', NULL, '2026-01-18 11:44:07.699', '2025-10-20 11:44:07.699', 68, 68, 0, 'AVAILABLE', '2025-11-19 11:44:07.783', '2025-11-19 11:44:07.783');
INSERT INTO public."Inventory" (id, "productId", "warehouseId", "locationId", "lotNumber", "batchNumber", "serialNumber", "bestBeforeDate", "receivedDate", quantity, "availableQuantity", "reservedQuantity", status, "createdAt", "updatedAt") VALUES ('b3b0301e-3471-4f0e-8690-195822a6ecae', '0284163e-aa5a-45b5-8191-803fea0f3551', 'c483471e-7137-49fb-b871-316842b061fa', 'aa7ad9c3-928e-4d9a-b9eb-9984a2013a61', 'LOT-ZQWE5G', 'LOT-ZQWE5G', NULL, '2026-05-18 11:44:07.699', '2025-10-20 11:44:07.699', 173, 173, 0, 'AVAILABLE', '2025-11-19 11:44:07.786', '2025-11-19 11:44:07.786');
INSERT INTO public."Inventory" (id, "productId", "warehouseId", "locationId", "lotNumber", "batchNumber", "serialNumber", "bestBeforeDate", "receivedDate", quantity, "availableQuantity", "reservedQuantity", status, "createdAt", "updatedAt") VALUES ('eb124d68-c7a5-467a-bf0d-1e59c992b075', '0284163e-aa5a-45b5-8191-803fea0f3551', 'c483471e-7137-49fb-b871-316842b061fa', '41644e41-38e3-4b3d-89ff-20a0035b20de', 'LOT-F1NCQ6', 'LOT-F1NCQ6', NULL, '2026-09-15 11:44:07.699', '2025-10-20 11:44:07.699', 479, 479, 0, 'AVAILABLE', '2025-11-19 11:44:07.788', '2025-11-19 11:44:07.788');
INSERT INTO public."Inventory" (id, "productId", "warehouseId", "locationId", "lotNumber", "batchNumber", "serialNumber", "bestBeforeDate", "receivedDate", quantity, "availableQuantity", "reservedQuantity", status, "createdAt", "updatedAt") VALUES ('c3d94612-bd76-412b-aa00-3f05672b8a47', 'a12fd2f9-6ca0-4763-a1cb-97f5b0541fc6', 'c483471e-7137-49fb-b871-316842b061fa', '7adf2abf-63fa-4a4f-8285-eec9317dea29', 'LOT-GPKBOD', 'LOT-GPKBOD', NULL, '2026-01-18 11:44:07.699', '2025-10-20 11:44:07.699', 118, 118, 0, 'AVAILABLE', '2025-11-19 11:44:07.791', '2025-11-19 11:44:07.791');
INSERT INTO public."Inventory" (id, "productId", "warehouseId", "locationId", "lotNumber", "batchNumber", "serialNumber", "bestBeforeDate", "receivedDate", quantity, "availableQuantity", "reservedQuantity", status, "createdAt", "updatedAt") VALUES ('f8482620-d0fb-4946-a40b-b794531b2dc1', 'a12fd2f9-6ca0-4763-a1cb-97f5b0541fc6', 'c483471e-7137-49fb-b871-316842b061fa', 'bcb417cd-d079-4d59-babb-be6124e09ef0', 'LOT-SGFNCW', 'LOT-SGFNCW', NULL, '2026-05-18 11:44:07.699', '2025-10-20 11:44:07.699', 141, 141, 0, 'AVAILABLE', '2025-11-19 11:44:07.793', '2025-11-19 11:44:07.793');
INSERT INTO public."Inventory" (id, "productId", "warehouseId", "locationId", "lotNumber", "batchNumber", "serialNumber", "bestBeforeDate", "receivedDate", quantity, "availableQuantity", "reservedQuantity", status, "createdAt", "updatedAt") VALUES ('9186e8b7-f5a8-4047-939f-3088a7878efb', 'a12fd2f9-6ca0-4763-a1cb-97f5b0541fc6', 'c483471e-7137-49fb-b871-316842b061fa', 'e5a503c0-9961-45c0-a242-3fd9e68688fb', 'LOT-B2OKDY', 'LOT-B2OKDY', NULL, '2026-09-15 11:44:07.699', '2025-10-20 11:44:07.699', 311, 311, 0, 'AVAILABLE', '2025-11-19 11:44:07.796', '2025-11-19 11:44:07.796');
INSERT INTO public."Inventory" (id, "productId", "warehouseId", "locationId", "lotNumber", "batchNumber", "serialNumber", "bestBeforeDate", "receivedDate", quantity, "availableQuantity", "reservedQuantity", status, "createdAt", "updatedAt") VALUES ('427fba81-c782-4b20-b733-b5a14dcd8f81', '354b59a9-cb3d-4032-bd62-001178924e1a', 'c483471e-7137-49fb-b871-316842b061fa', '7adf2abf-63fa-4a4f-8285-eec9317dea29', 'LOT-LIFDCG', 'LOT-LIFDCG', NULL, '2026-01-18 11:44:07.699', '2025-10-20 11:44:07.699', 57, 57, 0, 'AVAILABLE', '2025-11-19 11:44:07.798', '2025-11-19 11:44:07.798');
INSERT INTO public."Inventory" (id, "productId", "warehouseId", "locationId", "lotNumber", "batchNumber", "serialNumber", "bestBeforeDate", "receivedDate", quantity, "availableQuantity", "reservedQuantity", status, "createdAt", "updatedAt") VALUES ('2c955275-b427-4fb3-83a0-ea7918914094', '354b59a9-cb3d-4032-bd62-001178924e1a', 'c483471e-7137-49fb-b871-316842b061fa', '7adf2abf-63fa-4a4f-8285-eec9317dea29', 'LOT-EMSTZC', 'LOT-EMSTZC', NULL, '2026-05-18 11:44:07.699', '2025-10-20 11:44:07.699', 255, 255, 0, 'AVAILABLE', '2025-11-19 11:44:07.8', '2025-11-19 11:44:07.8');
INSERT INTO public."Inventory" (id, "productId", "warehouseId", "locationId", "lotNumber", "batchNumber", "serialNumber", "bestBeforeDate", "receivedDate", quantity, "availableQuantity", "reservedQuantity", status, "createdAt", "updatedAt") VALUES ('1bd7aa38-7bb1-41d6-ad82-00908983691b', '354b59a9-cb3d-4032-bd62-001178924e1a', 'c483471e-7137-49fb-b871-316842b061fa', '593de726-cf31-453e-8aef-9723b7dc431c', 'LOT-XWFQYR', 'LOT-XWFQYR', NULL, '2026-09-15 11:44:07.699', '2025-10-20 11:44:07.699', 234, 234, 0, 'AVAILABLE', '2025-11-19 11:44:07.803', '2025-11-19 11:44:07.803');
INSERT INTO public."Inventory" (id, "productId", "warehouseId", "locationId", "lotNumber", "batchNumber", "serialNumber", "bestBeforeDate", "receivedDate", quantity, "availableQuantity", "reservedQuantity", status, "createdAt", "updatedAt") VALUES ('83e99120-d999-49e7-b730-eca9b7ba9708', '3e3ec351-573e-4b14-9e18-19c723f5e4de', 'c483471e-7137-49fb-b871-316842b061fa', '5085ebf2-d585-4b8f-9bf8-fe102d6ad9de', 'LOT-W1MQNO', 'LOT-W1MQNO', NULL, '2026-01-18 11:44:07.699', '2025-10-20 11:44:07.699', 65, 65, 0, 'AVAILABLE', '2025-11-19 11:44:07.805', '2025-11-19 11:44:07.805');
INSERT INTO public."Inventory" (id, "productId", "warehouseId", "locationId", "lotNumber", "batchNumber", "serialNumber", "bestBeforeDate", "receivedDate", quantity, "availableQuantity", "reservedQuantity", status, "createdAt", "updatedAt") VALUES ('b203a642-e42a-45d3-b08c-4d93930b64c8', '3e3ec351-573e-4b14-9e18-19c723f5e4de', 'c483471e-7137-49fb-b871-316842b061fa', '365c712f-7863-45bd-a2fc-9ca81e0adae5', 'LOT-INBYTK', 'LOT-INBYTK', NULL, '2026-05-18 11:44:07.699', '2025-10-20 11:44:07.699', 197, 197, 0, 'AVAILABLE', '2025-11-19 11:44:07.809', '2025-11-19 11:44:07.809');
INSERT INTO public."Inventory" (id, "productId", "warehouseId", "locationId", "lotNumber", "batchNumber", "serialNumber", "bestBeforeDate", "receivedDate", quantity, "availableQuantity", "reservedQuantity", status, "createdAt", "updatedAt") VALUES ('85230562-3ca0-4d67-9c1a-68ae466667fb', '3e3ec351-573e-4b14-9e18-19c723f5e4de', 'c483471e-7137-49fb-b871-316842b061fa', '0c2cf619-65d1-429e-a342-fa4a44fae160', 'LOT-DXPDIJ', 'LOT-DXPDIJ', NULL, '2026-09-15 11:44:07.699', '2025-10-20 11:44:07.699', 268, 268, 0, 'AVAILABLE', '2025-11-19 11:44:07.813', '2025-11-19 11:44:07.813');
INSERT INTO public."Inventory" (id, "productId", "warehouseId", "locationId", "lotNumber", "batchNumber", "serialNumber", "bestBeforeDate", "receivedDate", quantity, "availableQuantity", "reservedQuantity", status, "createdAt", "updatedAt") VALUES ('27896cb4-2fb6-47c4-91ea-7320e32f3ed8', 'f01b22a2-de44-431e-9b12-9ad4bfd0c801', 'c483471e-7137-49fb-b871-316842b061fa', 'cf25c988-320b-4985-ae68-3292414b9146', 'LOT-P9EBON', 'LOT-P9EBON', NULL, '2026-01-18 11:44:07.699', '2025-10-20 11:44:07.699', 124, 124, 0, 'AVAILABLE', '2025-11-19 11:44:07.817', '2025-11-19 11:44:07.817');
INSERT INTO public."Inventory" (id, "productId", "warehouseId", "locationId", "lotNumber", "batchNumber", "serialNumber", "bestBeforeDate", "receivedDate", quantity, "availableQuantity", "reservedQuantity", status, "createdAt", "updatedAt") VALUES ('6ede0db4-e731-46bc-960d-fc4e0c4da6d2', 'f01b22a2-de44-431e-9b12-9ad4bfd0c801', 'c483471e-7137-49fb-b871-316842b061fa', 'bcb417cd-d079-4d59-babb-be6124e09ef0', 'LOT-MML1RM', 'LOT-MML1RM', NULL, '2026-05-18 11:44:07.699', '2025-10-20 11:44:07.699', 166, 166, 0, 'AVAILABLE', '2025-11-19 11:44:07.819', '2025-11-19 11:44:07.819');
INSERT INTO public."Inventory" (id, "productId", "warehouseId", "locationId", "lotNumber", "batchNumber", "serialNumber", "bestBeforeDate", "receivedDate", quantity, "availableQuantity", "reservedQuantity", status, "createdAt", "updatedAt") VALUES ('0084d4ef-8f3c-4842-9ad3-38f1e5aad35f', 'f01b22a2-de44-431e-9b12-9ad4bfd0c801', 'c483471e-7137-49fb-b871-316842b061fa', 'aa7ad9c3-928e-4d9a-b9eb-9984a2013a61', 'LOT-JEMBXW', 'LOT-JEMBXW', NULL, '2026-09-15 11:44:07.699', '2025-10-20 11:44:07.699', 367, 367, 0, 'AVAILABLE', '2025-11-19 11:44:07.822', '2025-11-19 11:44:07.822');


--
-- Data for Name: SalesOrder; Type: TABLE DATA; Schema: public; Owner: wms_user
--

INSERT INTO public."SalesOrder" (id, "orderNumber", "customerId", "isWholesale", "salesChannel", "externalOrderId", status, priority, subtotal, "taxAmount", "shippingCost", "discountAmount", "totalAmount", "shippingAddress", "shippingMethod", "trackingNumber", notes, "orderDate", "requiredDate", "shippedDate", "createdAt", "updatedAt") VALUES ('fca0e60f-0b9c-4ae2-bf54-78b138cf6126', 'SO-000001', '88de4fc3-bec0-446a-b957-a17b10c2d1f9', true, 'Shopify B2B', 'SHOP-JCO1ALUJEP', 'PENDING', 'LOW', 1170, 234, 0, 0, 1404, '63985 W 11th Street', 'Pallet', NULL, NULL, '2025-11-19 11:44:08.019', NULL, NULL, '2025-11-19 11:44:08.02', '2025-11-19 11:44:08.02');
INSERT INTO public."SalesOrder" (id, "orderNumber", "customerId", "isWholesale", "salesChannel", "externalOrderId", status, priority, subtotal, "taxAmount", "shippingCost", "discountAmount", "totalAmount", "shippingAddress", "shippingMethod", "trackingNumber", notes, "orderDate", "requiredDate", "shippedDate", "createdAt", "updatedAt") VALUES ('1571f5a0-366b-4bf5-95ff-f30d84b9fd89', 'SO-000002', '0ab20f64-d007-4f49-ac33-930403a2372e', false, 'Shopify Retail', 'SHOP-PDGNSX2U6Z', 'CONFIRMED', 'HIGH', 13.5, 2.7, 5.99, 0, 22.19, '8747 S Walnut Street', 'Standard', NULL, NULL, '2025-11-19 11:44:08.03', NULL, NULL, '2025-11-19 11:44:08.031', '2025-11-19 11:44:08.031');
INSERT INTO public."SalesOrder" (id, "orderNumber", "customerId", "isWholesale", "salesChannel", "externalOrderId", status, priority, subtotal, "taxAmount", "shippingCost", "discountAmount", "totalAmount", "shippingAddress", "shippingMethod", "trackingNumber", notes, "orderDate", "requiredDate", "shippedDate", "createdAt", "updatedAt") VALUES ('767da174-8b3e-49cc-a0e9-6f74e1dd601e', 'SO-000003', '0ab20f64-d007-4f49-ac33-930403a2372e', false, 'Shopify Retail', 'SHOP-PGCZUBU1KE', 'CONFIRMED', 'HIGH', 13.5, 2.7, 5.99, 0, 22.19, '8747 S Walnut Street', 'Standard', NULL, NULL, '2025-11-19 11:44:08.036', NULL, NULL, '2025-11-19 11:44:08.037', '2025-11-19 11:44:08.037');
INSERT INTO public."SalesOrder" (id, "orderNumber", "customerId", "isWholesale", "salesChannel", "externalOrderId", status, priority, subtotal, "taxAmount", "shippingCost", "discountAmount", "totalAmount", "shippingAddress", "shippingMethod", "trackingNumber", notes, "orderDate", "requiredDate", "shippedDate", "createdAt", "updatedAt") VALUES ('a4768c41-518f-4afb-b159-ef2856bda1d8', 'SO-000004', '0ab20f64-d007-4f49-ac33-930403a2372e', false, 'Shopify Retail', 'SHOP-SLYKSTBGGX', 'ALLOCATED', 'MEDIUM', 15, 3, 5.99, 0, 23.99, '8747 S Walnut Street', 'Standard', NULL, NULL, '2025-11-19 11:44:08.041', NULL, NULL, '2025-11-19 11:44:08.042', '2025-11-19 11:44:08.042');
INSERT INTO public."SalesOrder" (id, "orderNumber", "customerId", "isWholesale", "salesChannel", "externalOrderId", status, priority, subtotal, "taxAmount", "shippingCost", "discountAmount", "totalAmount", "shippingAddress", "shippingMethod", "trackingNumber", notes, "orderDate", "requiredDate", "shippedDate", "createdAt", "updatedAt") VALUES ('0d33da9a-8f5f-47af-bdf1-1394d6ee62cd', 'SO-000005', '88de4fc3-bec0-446a-b957-a17b10c2d1f9', true, 'Shopify B2B', 'SHOP-GAM0ANGLWA', 'CONFIRMED', 'LOW', 510, 102, 0, 0, 612, '63985 W 11th Street', 'Pallet', NULL, NULL, '2025-11-19 11:44:08.046', NULL, NULL, '2025-11-19 11:44:08.047', '2025-11-19 11:44:08.047');
INSERT INTO public."SalesOrder" (id, "orderNumber", "customerId", "isWholesale", "salesChannel", "externalOrderId", status, priority, subtotal, "taxAmount", "shippingCost", "discountAmount", "totalAmount", "shippingAddress", "shippingMethod", "trackingNumber", notes, "orderDate", "requiredDate", "shippedDate", "createdAt", "updatedAt") VALUES ('f828f1a3-2c72-4ec5-8f9a-163b0f4b3976', 'SO-000006', '0ab20f64-d007-4f49-ac33-930403a2372e', false, 'Shopify Retail', 'SHOP-3GEC4DKOTD', 'CONFIRMED', 'MEDIUM', 19.5, 3.9, 5.99, 0, 29.39, '8747 S Walnut Street', 'Standard', NULL, NULL, '2025-11-19 11:44:08.051', NULL, NULL, '2025-11-19 11:44:08.052', '2025-11-19 11:44:08.052');
INSERT INTO public."SalesOrder" (id, "orderNumber", "customerId", "isWholesale", "salesChannel", "externalOrderId", status, priority, subtotal, "taxAmount", "shippingCost", "discountAmount", "totalAmount", "shippingAddress", "shippingMethod", "trackingNumber", notes, "orderDate", "requiredDate", "shippedDate", "createdAt", "updatedAt") VALUES ('212731fc-3dcd-4949-b379-2304397e0c46', 'SO-000007', '0ab20f64-d007-4f49-ac33-930403a2372e', false, 'Shopify Retail', 'SHOP-TJUYNZNYNJ', 'CONFIRMED', 'HIGH', 10.5, 2.1, 5.99, 0, 18.59, '8747 S Walnut Street', 'Standard', NULL, NULL, '2025-11-19 11:44:08.057', NULL, NULL, '2025-11-19 11:44:08.058', '2025-11-19 11:44:08.058');
INSERT INTO public."SalesOrder" (id, "orderNumber", "customerId", "isWholesale", "salesChannel", "externalOrderId", status, priority, subtotal, "taxAmount", "shippingCost", "discountAmount", "totalAmount", "shippingAddress", "shippingMethod", "trackingNumber", notes, "orderDate", "requiredDate", "shippedDate", "createdAt", "updatedAt") VALUES ('406ac9ce-5011-44f1-99da-aa6439e7ab26', 'SO-000008', '0ab20f64-d007-4f49-ac33-930403a2372e', false, 'Shopify Retail', 'SHOP-7VFYDWIDTU', 'PENDING', 'HIGH', 3, 0.6000000000000001, 5.99, 0, 9.59, '8747 S Walnut Street', 'Standard', NULL, NULL, '2025-11-19 11:44:08.064', NULL, NULL, '2025-11-19 11:44:08.065', '2025-11-19 11:44:08.065');
INSERT INTO public."SalesOrder" (id, "orderNumber", "customerId", "isWholesale", "salesChannel", "externalOrderId", status, priority, subtotal, "taxAmount", "shippingCost", "discountAmount", "totalAmount", "shippingAddress", "shippingMethod", "trackingNumber", notes, "orderDate", "requiredDate", "shippedDate", "createdAt", "updatedAt") VALUES ('67725e88-9757-4d33-b64a-d48176cb67cc', 'SO-000009', '88de4fc3-bec0-446a-b957-a17b10c2d1f9', true, 'Shopify B2B', 'SHOP-VN6PKTBVYH', 'CONFIRMED', 'LOW', 825, 165, 0, 0, 990, '63985 W 11th Street', 'Pallet', NULL, NULL, '2025-11-19 11:44:08.068', NULL, NULL, '2025-11-19 11:44:08.069', '2025-11-19 11:44:08.069');
INSERT INTO public."SalesOrder" (id, "orderNumber", "customerId", "isWholesale", "salesChannel", "externalOrderId", status, priority, subtotal, "taxAmount", "shippingCost", "discountAmount", "totalAmount", "shippingAddress", "shippingMethod", "trackingNumber", notes, "orderDate", "requiredDate", "shippedDate", "createdAt", "updatedAt") VALUES ('46472e11-b504-4cb7-a385-fb41c53c89f2', 'SO-000010', '0ab20f64-d007-4f49-ac33-930403a2372e', false, 'Shopify Retail', 'SHOP-KV4BAJCCHM', 'CONFIRMED', 'HIGH', 10.5, 2.1, 5.99, 0, 18.59, '8747 S Walnut Street', 'Standard', NULL, NULL, '2025-11-19 11:44:08.075', NULL, NULL, '2025-11-19 11:44:08.075', '2025-11-19 11:44:08.075');
INSERT INTO public."SalesOrder" (id, "orderNumber", "customerId", "isWholesale", "salesChannel", "externalOrderId", status, priority, subtotal, "taxAmount", "shippingCost", "discountAmount", "totalAmount", "shippingAddress", "shippingMethod", "trackingNumber", notes, "orderDate", "requiredDate", "shippedDate", "createdAt", "updatedAt") VALUES ('7a0646a5-8174-4a41-9302-639c060c15f5', 'SO-000011', '0ab20f64-d007-4f49-ac33-930403a2372e', false, 'Shopify Retail', 'SHOP-FZOQLTC9EE', 'ALLOCATED', 'LOW', 30, 6, 5.99, 0, 41.99, '8747 S Walnut Street', 'Standard', NULL, NULL, '2025-11-19 11:44:08.08', NULL, NULL, '2025-11-19 11:44:08.081', '2025-11-19 11:44:08.081');
INSERT INTO public."SalesOrder" (id, "orderNumber", "customerId", "isWholesale", "salesChannel", "externalOrderId", status, priority, subtotal, "taxAmount", "shippingCost", "discountAmount", "totalAmount", "shippingAddress", "shippingMethod", "trackingNumber", notes, "orderDate", "requiredDate", "shippedDate", "createdAt", "updatedAt") VALUES ('2038910c-49bf-4647-b76d-44303914dce2', 'SO-000012', '0ab20f64-d007-4f49-ac33-930403a2372e', false, 'Shopify Retail', 'SHOP-2BWYPL8NAF', 'ALLOCATED', 'LOW', 15, 3, 5.99, 0, 23.99, '8747 S Walnut Street', 'Standard', NULL, NULL, '2025-11-19 11:44:08.087', NULL, NULL, '2025-11-19 11:44:08.088', '2025-11-19 11:44:08.088');
INSERT INTO public."SalesOrder" (id, "orderNumber", "customerId", "isWholesale", "salesChannel", "externalOrderId", status, priority, subtotal, "taxAmount", "shippingCost", "discountAmount", "totalAmount", "shippingAddress", "shippingMethod", "trackingNumber", notes, "orderDate", "requiredDate", "shippedDate", "createdAt", "updatedAt") VALUES ('f4b17671-7e8e-4423-ab3b-e35cb72f2ec5', 'SO-000013', '88de4fc3-bec0-446a-b957-a17b10c2d1f9', true, 'Shopify B2B', 'SHOP-SMZJYEHZOS', 'CONFIRMED', 'LOW', 915, 183, 0, 0, 1098, '63985 W 11th Street', 'Pallet', NULL, NULL, '2025-11-19 11:44:08.093', NULL, NULL, '2025-11-19 11:44:08.094', '2025-11-19 11:44:08.094');
INSERT INTO public."SalesOrder" (id, "orderNumber", "customerId", "isWholesale", "salesChannel", "externalOrderId", status, priority, subtotal, "taxAmount", "shippingCost", "discountAmount", "totalAmount", "shippingAddress", "shippingMethod", "trackingNumber", notes, "orderDate", "requiredDate", "shippedDate", "createdAt", "updatedAt") VALUES ('1274aa7c-9f3b-403e-95a8-6d98c61d09df', 'SO-000014', '0ab20f64-d007-4f49-ac33-930403a2372e', false, 'Shopify Retail', 'SHOP-IPMY7VB78I', 'ALLOCATED', 'HIGH', 19.5, 3.9, 5.99, 0, 29.39, '8747 S Walnut Street', 'Standard', NULL, NULL, '2025-11-19 11:44:08.1', NULL, NULL, '2025-11-19 11:44:08.101', '2025-11-19 11:44:08.101');
INSERT INTO public."SalesOrder" (id, "orderNumber", "customerId", "isWholesale", "salesChannel", "externalOrderId", status, priority, subtotal, "taxAmount", "shippingCost", "discountAmount", "totalAmount", "shippingAddress", "shippingMethod", "trackingNumber", notes, "orderDate", "requiredDate", "shippedDate", "createdAt", "updatedAt") VALUES ('fdd25a98-1c97-4c26-9cb3-9b1cb11e6944', 'SO-000015', '0ab20f64-d007-4f49-ac33-930403a2372e', false, 'Shopify Retail', 'SHOP-VOFPBWX2TO', 'ALLOCATED', 'LOW', 10.5, 2.1, 5.99, 0, 18.59, '8747 S Walnut Street', 'Standard', NULL, NULL, '2025-11-19 11:44:08.106', NULL, NULL, '2025-11-19 11:44:08.107', '2025-11-19 11:44:08.107');
INSERT INTO public."SalesOrder" (id, "orderNumber", "customerId", "isWholesale", "salesChannel", "externalOrderId", status, priority, subtotal, "taxAmount", "shippingCost", "discountAmount", "totalAmount", "shippingAddress", "shippingMethod", "trackingNumber", notes, "orderDate", "requiredDate", "shippedDate", "createdAt", "updatedAt") VALUES ('9ada28e8-2d64-43b0-9bf1-bafa9b96e85f', 'SO-000016', '0ab20f64-d007-4f49-ac33-930403a2372e', false, 'Shopify Retail', 'SHOP-J7ZO2HZV1S', 'ALLOCATED', 'HIGH', 7.5, 1.5, 5.99, 0, 14.99, '8747 S Walnut Street', 'Standard', NULL, NULL, '2025-11-19 11:44:08.112', NULL, NULL, '2025-11-19 11:44:08.113', '2025-11-19 11:44:08.113');
INSERT INTO public."SalesOrder" (id, "orderNumber", "customerId", "isWholesale", "salesChannel", "externalOrderId", status, priority, subtotal, "taxAmount", "shippingCost", "discountAmount", "totalAmount", "shippingAddress", "shippingMethod", "trackingNumber", notes, "orderDate", "requiredDate", "shippedDate", "createdAt", "updatedAt") VALUES ('d8107de5-8d91-417a-aa4e-65fcee6ae1b6', 'SO-000017', '88de4fc3-bec0-446a-b957-a17b10c2d1f9', true, 'Shopify B2B', 'SHOP-RZZTEY3EOW', 'ALLOCATED', 'HIGH', 360, 72, 0, 0, 432, '63985 W 11th Street', 'Pallet', NULL, NULL, '2025-11-19 11:44:08.118', NULL, NULL, '2025-11-19 11:44:08.119', '2025-11-19 11:44:08.119');
INSERT INTO public."SalesOrder" (id, "orderNumber", "customerId", "isWholesale", "salesChannel", "externalOrderId", status, priority, subtotal, "taxAmount", "shippingCost", "discountAmount", "totalAmount", "shippingAddress", "shippingMethod", "trackingNumber", notes, "orderDate", "requiredDate", "shippedDate", "createdAt", "updatedAt") VALUES ('f26f685e-b167-4fb3-8ab6-ddabc80d0584', 'SO-000018', '0ab20f64-d007-4f49-ac33-930403a2372e', false, 'Shopify Retail', 'SHOP-VHGCRDRCLY', 'PENDING', 'LOW', 18, 3.6, 5.99, 0, 27.59, '8747 S Walnut Street', 'Standard', NULL, NULL, '2025-11-19 11:44:08.124', NULL, NULL, '2025-11-19 11:44:08.125', '2025-11-19 11:44:08.125');
INSERT INTO public."SalesOrder" (id, "orderNumber", "customerId", "isWholesale", "salesChannel", "externalOrderId", status, priority, subtotal, "taxAmount", "shippingCost", "discountAmount", "totalAmount", "shippingAddress", "shippingMethod", "trackingNumber", notes, "orderDate", "requiredDate", "shippedDate", "createdAt", "updatedAt") VALUES ('6c9a2f1c-532e-4488-b15d-e3c4019a597c', 'SO-000019', '0ab20f64-d007-4f49-ac33-930403a2372e', false, 'Shopify Retail', 'SHOP-HJUTRRTMZQ', 'PENDING', 'LOW', 4.5, 0.9, 5.99, 0, 11.39, '8747 S Walnut Street', 'Standard', NULL, NULL, '2025-11-19 11:44:08.133', NULL, NULL, '2025-11-19 11:44:08.134', '2025-11-19 11:44:08.134');
INSERT INTO public."SalesOrder" (id, "orderNumber", "customerId", "isWholesale", "salesChannel", "externalOrderId", status, priority, subtotal, "taxAmount", "shippingCost", "discountAmount", "totalAmount", "shippingAddress", "shippingMethod", "trackingNumber", notes, "orderDate", "requiredDate", "shippedDate", "createdAt", "updatedAt") VALUES ('a3b96028-03a8-4f51-a9ea-3d560f450692', 'SO-000020', '0ab20f64-d007-4f49-ac33-930403a2372e', false, 'Shopify Retail', 'SHOP-VLCWUJN59I', 'CONFIRMED', 'HIGH', 7.5, 1.5, 5.99, 0, 14.99, '8747 S Walnut Street', 'Standard', NULL, NULL, '2025-11-19 11:44:08.138', NULL, NULL, '2025-11-19 11:44:08.139', '2025-11-19 11:44:08.139');
INSERT INTO public."SalesOrder" (id, "orderNumber", "customerId", "isWholesale", "salesChannel", "externalOrderId", status, priority, subtotal, "taxAmount", "shippingCost", "discountAmount", "totalAmount", "shippingAddress", "shippingMethod", "trackingNumber", notes, "orderDate", "requiredDate", "shippedDate", "createdAt", "updatedAt") VALUES ('c78b859a-7bba-4c69-8f1d-e8be28d8bbd0', 'SO-000021', '88de4fc3-bec0-446a-b957-a17b10c2d1f9', true, 'Shopify B2B', 'SHOP-MMTXGS4N9W', 'PENDING', 'LOW', 975, 195, 0, 0, 1170, '63985 W 11th Street', 'Pallet', NULL, NULL, '2025-11-19 11:44:08.144', NULL, NULL, '2025-11-19 11:44:08.144', '2025-11-19 11:44:08.144');
INSERT INTO public."SalesOrder" (id, "orderNumber", "customerId", "isWholesale", "salesChannel", "externalOrderId", status, priority, subtotal, "taxAmount", "shippingCost", "discountAmount", "totalAmount", "shippingAddress", "shippingMethod", "trackingNumber", notes, "orderDate", "requiredDate", "shippedDate", "createdAt", "updatedAt") VALUES ('21adc4d3-f749-41b9-a633-e6b0bb87e785', 'SO-000022', '0ab20f64-d007-4f49-ac33-930403a2372e', false, 'Shopify Retail', 'SHOP-FCKWS74RNH', 'PENDING', 'LOW', 10.5, 2.1, 5.99, 0, 18.59, '8747 S Walnut Street', 'Standard', NULL, NULL, '2025-11-19 11:44:08.151', NULL, NULL, '2025-11-19 11:44:08.152', '2025-11-19 11:44:08.152');
INSERT INTO public."SalesOrder" (id, "orderNumber", "customerId", "isWholesale", "salesChannel", "externalOrderId", status, priority, subtotal, "taxAmount", "shippingCost", "discountAmount", "totalAmount", "shippingAddress", "shippingMethod", "trackingNumber", notes, "orderDate", "requiredDate", "shippedDate", "createdAt", "updatedAt") VALUES ('d5b9ba47-c73d-4fe2-abce-9c1d05cc2c9f', 'SO-000023', '0ab20f64-d007-4f49-ac33-930403a2372e', false, 'Shopify Retail', 'SHOP-QCOD4YZDYZ', 'CONFIRMED', 'HIGH', 16.5, 3.3, 5.99, 0, 25.79, '8747 S Walnut Street', 'Standard', NULL, NULL, '2025-11-19 11:44:08.158', NULL, NULL, '2025-11-19 11:44:08.159', '2025-11-19 11:44:08.159');
INSERT INTO public."SalesOrder" (id, "orderNumber", "customerId", "isWholesale", "salesChannel", "externalOrderId", status, priority, subtotal, "taxAmount", "shippingCost", "discountAmount", "totalAmount", "shippingAddress", "shippingMethod", "trackingNumber", notes, "orderDate", "requiredDate", "shippedDate", "createdAt", "updatedAt") VALUES ('7f847635-8203-4afe-b22d-60de8cebe736', 'SO-000024', '0ab20f64-d007-4f49-ac33-930403a2372e', false, 'Shopify Retail', 'SHOP-K2AGEYXECA', 'ALLOCATED', 'LOW', 6, 1.2, 5.99, 0, 13.19, '8747 S Walnut Street', 'Standard', NULL, NULL, '2025-11-19 11:44:08.166', NULL, NULL, '2025-11-19 11:44:08.167', '2025-11-19 11:44:08.167');
INSERT INTO public."SalesOrder" (id, "orderNumber", "customerId", "isWholesale", "salesChannel", "externalOrderId", status, priority, subtotal, "taxAmount", "shippingCost", "discountAmount", "totalAmount", "shippingAddress", "shippingMethod", "trackingNumber", notes, "orderDate", "requiredDate", "shippedDate", "createdAt", "updatedAt") VALUES ('1eb73025-1bd5-4d59-bd63-98a6e9d0cb29', 'SO-000025', '88de4fc3-bec0-446a-b957-a17b10c2d1f9', true, 'Shopify B2B', 'SHOP-TEENANXSNS', 'ALLOCATED', 'MEDIUM', 630, 126, 0, 0, 756, '63985 W 11th Street', 'Pallet', NULL, NULL, '2025-11-19 11:44:08.171', NULL, NULL, '2025-11-19 11:44:08.172', '2025-11-19 11:44:08.172');
INSERT INTO public."SalesOrder" (id, "orderNumber", "customerId", "isWholesale", "salesChannel", "externalOrderId", status, priority, subtotal, "taxAmount", "shippingCost", "discountAmount", "totalAmount", "shippingAddress", "shippingMethod", "trackingNumber", notes, "orderDate", "requiredDate", "shippedDate", "createdAt", "updatedAt") VALUES ('6f7638b8-fe48-44c5-881e-83970873a790', 'SO-000026', '0ab20f64-d007-4f49-ac33-930403a2372e', false, 'Shopify Retail', 'SHOP-JPMK9KRGXN', 'CONFIRMED', 'HIGH', 21, 4.2, 5.99, 0, 31.19, '8747 S Walnut Street', 'Standard', NULL, NULL, '2025-11-19 11:44:08.178', NULL, NULL, '2025-11-19 11:44:08.179', '2025-11-19 11:44:08.179');
INSERT INTO public."SalesOrder" (id, "orderNumber", "customerId", "isWholesale", "salesChannel", "externalOrderId", status, priority, subtotal, "taxAmount", "shippingCost", "discountAmount", "totalAmount", "shippingAddress", "shippingMethod", "trackingNumber", notes, "orderDate", "requiredDate", "shippedDate", "createdAt", "updatedAt") VALUES ('5855a8b2-0a3f-46a4-8bde-d2ef6443669b', 'SO-000027', '0ab20f64-d007-4f49-ac33-930403a2372e', false, 'Shopify Retail', 'SHOP-GJSLYMKTOV', 'PENDING', 'MEDIUM', 18, 3.6, 5.99, 0, 27.59, '8747 S Walnut Street', 'Standard', NULL, NULL, '2025-11-19 11:44:08.185', NULL, NULL, '2025-11-19 11:44:08.186', '2025-11-19 11:44:08.186');
INSERT INTO public."SalesOrder" (id, "orderNumber", "customerId", "isWholesale", "salesChannel", "externalOrderId", status, priority, subtotal, "taxAmount", "shippingCost", "discountAmount", "totalAmount", "shippingAddress", "shippingMethod", "trackingNumber", notes, "orderDate", "requiredDate", "shippedDate", "createdAt", "updatedAt") VALUES ('e1458ca2-5289-478e-a791-0f9244888d9c', 'SO-000028', '0ab20f64-d007-4f49-ac33-930403a2372e', false, 'Shopify Retail', 'SHOP-VDNWQDZGQM', 'ALLOCATED', 'HIGH', 7.5, 1.5, 5.99, 0, 14.99, '8747 S Walnut Street', 'Standard', NULL, NULL, '2025-11-19 11:44:08.193', NULL, NULL, '2025-11-19 11:44:08.194', '2025-11-19 11:44:08.194');
INSERT INTO public."SalesOrder" (id, "orderNumber", "customerId", "isWholesale", "salesChannel", "externalOrderId", status, priority, subtotal, "taxAmount", "shippingCost", "discountAmount", "totalAmount", "shippingAddress", "shippingMethod", "trackingNumber", notes, "orderDate", "requiredDate", "shippedDate", "createdAt", "updatedAt") VALUES ('c725c98d-edb3-4387-bbac-59508156f45e', 'SO-000029', '88de4fc3-bec0-446a-b957-a17b10c2d1f9', true, 'Shopify B2B', 'SHOP-ELQPUC09SE', 'PENDING', 'HIGH', 1200, 240, 0, 0, 1440, '63985 W 11th Street', 'Pallet', NULL, NULL, '2025-11-19 11:44:08.199', NULL, NULL, '2025-11-19 11:44:08.2', '2025-11-19 11:44:08.2');
INSERT INTO public."SalesOrder" (id, "orderNumber", "customerId", "isWholesale", "salesChannel", "externalOrderId", status, priority, subtotal, "taxAmount", "shippingCost", "discountAmount", "totalAmount", "shippingAddress", "shippingMethod", "trackingNumber", notes, "orderDate", "requiredDate", "shippedDate", "createdAt", "updatedAt") VALUES ('de05a61e-58ba-497e-a7d3-658ff02eda87', 'SO-000030', '0ab20f64-d007-4f49-ac33-930403a2372e', false, 'Shopify Retail', 'SHOP-5AUSDGG4OA', 'PENDING', 'MEDIUM', 21, 4.2, 5.99, 0, 31.19, '8747 S Walnut Street', 'Standard', NULL, NULL, '2025-11-19 11:44:08.207', NULL, NULL, '2025-11-19 11:44:08.208', '2025-11-19 11:44:08.208');


--
-- Data for Name: User; Type: TABLE DATA; Schema: public; Owner: wms_user
--

INSERT INTO public."User" (id, email, password, name, role, "companyId", "createdAt", "updatedAt") VALUES ('b5f08e5d-8b4e-46f7-8ec8-40a81850a049', 'admin@kiaan.com', '$2a$10$bYupRC1geIh/P5H/LSGrI.la6Jwv1BBXw3GEhi438DAvRagI2KOgm', 'Admin User', 'ADMIN', '53c65d84-4606-4b0a-8aa5-6eda9e50c3df', '2025-11-19 11:44:07.478', '2025-11-19 11:44:07.478');
INSERT INTO public."User" (id, email, password, name, role, "companyId", "createdAt", "updatedAt") VALUES ('23a3a883-d7b6-4f6e-9316-eecc27ac9cd2', 'picker1@kiaan.com', '$2a$10$bYupRC1geIh/P5H/LSGrI.la6Jwv1BBXw3GEhi438DAvRagI2KOgm', 'John Picker', 'PICKER', '53c65d84-4606-4b0a-8aa5-6eda9e50c3df', '2025-11-19 11:44:07.483', '2025-11-19 11:44:07.483');
INSERT INTO public."User" (id, email, password, name, role, "companyId", "createdAt", "updatedAt") VALUES ('9530ff2a-fcfb-4080-afe1-11bc2cd04b08', 'picker2@kiaan.com', '$2a$10$bYupRC1geIh/P5H/LSGrI.la6Jwv1BBXw3GEhi438DAvRagI2KOgm', 'Sarah Picker', 'PICKER', '53c65d84-4606-4b0a-8aa5-6eda9e50c3df', '2025-11-19 11:44:07.486', '2025-11-19 11:44:07.486');


--
-- Data for Name: PickList; Type: TABLE DATA; Schema: public; Owner: wms_user
--



--
-- Data for Name: PickItem; Type: TABLE DATA; Schema: public; Owner: wms_user
--



--
-- Data for Name: ReplenishmentConfig; Type: TABLE DATA; Schema: public; Owner: wms_user
--

INSERT INTO public."ReplenishmentConfig" (id, "productId", "minStockLevel", "maxStockLevel", "reorderPoint", "reorderQuantity", "autoCreateTasks", enabled, "createdAt", "updatedAt") VALUES ('b3c2b471-dc0b-4f92-9463-79d8b00ba99c', 'c2bf33c2-65da-4800-99d8-f510431025f2', 100, 500, 150, 300, true, true, '2025-11-19 11:44:07.826', '2025-11-19 11:44:07.826');
INSERT INTO public."ReplenishmentConfig" (id, "productId", "minStockLevel", "maxStockLevel", "reorderPoint", "reorderQuantity", "autoCreateTasks", enabled, "createdAt", "updatedAt") VALUES ('70dca4a8-d49c-42e6-8323-ec639eb0989d', '575bb91e-4ae2-4841-931e-fb1667ce544e', 100, 500, 150, 300, true, true, '2025-11-19 11:44:07.83', '2025-11-19 11:44:07.83');
INSERT INTO public."ReplenishmentConfig" (id, "productId", "minStockLevel", "maxStockLevel", "reorderPoint", "reorderQuantity", "autoCreateTasks", enabled, "createdAt", "updatedAt") VALUES ('9e43173c-4f7e-459e-8178-beea9ee689fe', '3f618851-f529-45d2-a466-934713d86aa4', 100, 500, 150, 300, true, true, '2025-11-19 11:44:07.832', '2025-11-19 11:44:07.832');
INSERT INTO public."ReplenishmentConfig" (id, "productId", "minStockLevel", "maxStockLevel", "reorderPoint", "reorderQuantity", "autoCreateTasks", enabled, "createdAt", "updatedAt") VALUES ('3dc994c3-c188-4c9f-9d13-92f75198e5d6', '077c0fc8-95bb-4769-a7d4-c288beb71d7d', 100, 500, 150, 300, true, true, '2025-11-19 11:44:07.834', '2025-11-19 11:44:07.834');
INSERT INTO public."ReplenishmentConfig" (id, "productId", "minStockLevel", "maxStockLevel", "reorderPoint", "reorderQuantity", "autoCreateTasks", enabled, "createdAt", "updatedAt") VALUES ('1fc790e4-80ce-4488-8c04-bf2187b9faad', '7aab4882-2997-44ce-a80c-7bbd50025f8a', 100, 500, 150, 300, true, true, '2025-11-19 11:44:07.835', '2025-11-19 11:44:07.835');
INSERT INTO public."ReplenishmentConfig" (id, "productId", "minStockLevel", "maxStockLevel", "reorderPoint", "reorderQuantity", "autoCreateTasks", enabled, "createdAt", "updatedAt") VALUES ('bad0e9e4-1e4c-4d7b-8246-09a274ec01f7', 'd2d60122-eda5-47a0-87de-f909bdf5a386', 100, 500, 150, 300, true, true, '2025-11-19 11:44:07.837', '2025-11-19 11:44:07.837');
INSERT INTO public."ReplenishmentConfig" (id, "productId", "minStockLevel", "maxStockLevel", "reorderPoint", "reorderQuantity", "autoCreateTasks", enabled, "createdAt", "updatedAt") VALUES ('b7c1b9ae-1e02-470b-9ca1-5caf52a74c2b', '55df8fe6-9551-4edf-ad87-21fecdb5b1dd', 100, 500, 150, 300, true, true, '2025-11-19 11:44:07.839', '2025-11-19 11:44:07.839');
INSERT INTO public."ReplenishmentConfig" (id, "productId", "minStockLevel", "maxStockLevel", "reorderPoint", "reorderQuantity", "autoCreateTasks", enabled, "createdAt", "updatedAt") VALUES ('de461c80-ebd6-478b-8bae-53397b61e9a9', 'd94c04e9-e4bf-444c-87ee-5e7a033915e4', 100, 500, 150, 300, true, true, '2025-11-19 11:44:07.841', '2025-11-19 11:44:07.841');
INSERT INTO public."ReplenishmentConfig" (id, "productId", "minStockLevel", "maxStockLevel", "reorderPoint", "reorderQuantity", "autoCreateTasks", enabled, "createdAt", "updatedAt") VALUES ('2f1fa648-4879-408f-8a95-d3109f44de58', '6d6d968b-4df1-4bc4-aaca-989542eaeeea', 100, 500, 150, 300, true, true, '2025-11-19 11:44:07.843', '2025-11-19 11:44:07.843');
INSERT INTO public."ReplenishmentConfig" (id, "productId", "minStockLevel", "maxStockLevel", "reorderPoint", "reorderQuantity", "autoCreateTasks", enabled, "createdAt", "updatedAt") VALUES ('9b1a2fc3-1a5a-4d39-b118-8fd62f392485', '480aabb0-d869-419d-9669-ca125386399f', 100, 500, 150, 300, true, true, '2025-11-19 11:44:07.845', '2025-11-19 11:44:07.845');


--
-- Data for Name: ReplenishmentTask; Type: TABLE DATA; Schema: public; Owner: wms_user
--



--
-- Data for Name: SalesOrderItem; Type: TABLE DATA; Schema: public; Owner: wms_user
--

INSERT INTO public."SalesOrderItem" (id, "orderId", "productId", quantity, "unitPrice", discount, tax, "totalPrice", "createdAt") VALUES ('c83ece95-3f1c-4b05-b268-ff1c0067df88', 'fca0e60f-0b9c-4ae2-bf54-78b138cf6126', '5e2ca2ad-7bf8-4d44-8299-3f6b0ea4c72c', 19, 15, 0, 57, 285, '2025-11-19 11:44:08.02');
INSERT INTO public."SalesOrderItem" (id, "orderId", "productId", quantity, "unitPrice", discount, tax, "totalPrice", "createdAt") VALUES ('8b040731-f1e8-4498-96c2-6f8bb01417d5', 'fca0e60f-0b9c-4ae2-bf54-78b138cf6126', '588729d7-1295-4b24-a66e-fada023b0b51', 20, 15, 0, 60, 300, '2025-11-19 11:44:08.02');
INSERT INTO public."SalesOrderItem" (id, "orderId", "productId", quantity, "unitPrice", discount, tax, "totalPrice", "createdAt") VALUES ('ed476217-bb05-4f84-9b6f-f631b4309cce', 'fca0e60f-0b9c-4ae2-bf54-78b138cf6126', 'a5743087-6dc2-4be2-86a1-b3111215d82f', 17, 15, 0, 51, 255, '2025-11-19 11:44:08.02');
INSERT INTO public."SalesOrderItem" (id, "orderId", "productId", quantity, "unitPrice", discount, tax, "totalPrice", "createdAt") VALUES ('410c58c9-639d-4075-a968-cea4c9410f0f', 'fca0e60f-0b9c-4ae2-bf54-78b138cf6126', 'cd2d14a1-3b3a-4979-9051-7df1bd310293', 6, 15, 0, 18, 90, '2025-11-19 11:44:08.02');
INSERT INTO public."SalesOrderItem" (id, "orderId", "productId", quantity, "unitPrice", discount, tax, "totalPrice", "createdAt") VALUES ('822900ec-94ef-4967-a968-9e0172fcd2c5', 'fca0e60f-0b9c-4ae2-bf54-78b138cf6126', '3bce830c-79b4-4427-b20f-800cd2220d5e', 16, 15, 0, 48, 240, '2025-11-19 11:44:08.02');
INSERT INTO public."SalesOrderItem" (id, "orderId", "productId", quantity, "unitPrice", discount, tax, "totalPrice", "createdAt") VALUES ('a7a82d59-fe17-4efa-8d4a-c8bd025252c4', '1571f5a0-366b-4bf5-95ff-f30d84b9fd89', '3f618851-f529-45d2-a466-934713d86aa4', 5, 1.5, 0, 1.5, 7.5, '2025-11-19 11:44:08.031');
INSERT INTO public."SalesOrderItem" (id, "orderId", "productId", quantity, "unitPrice", discount, tax, "totalPrice", "createdAt") VALUES ('1db5423b-ae87-4790-8b68-b60b1224167d', '1571f5a0-366b-4bf5-95ff-f30d84b9fd89', 'c2bf33c2-65da-4800-99d8-f510431025f2', 4, 1.5, 0, 1.2, 6, '2025-11-19 11:44:08.031');
INSERT INTO public."SalesOrderItem" (id, "orderId", "productId", quantity, "unitPrice", discount, tax, "totalPrice", "createdAt") VALUES ('8145cb05-b8cb-4f0c-bc4f-3102f9256751', '767da174-8b3e-49cc-a0e9-6f74e1dd601e', '0284163e-aa5a-45b5-8191-803fea0f3551', 4, 1.5, 0, 1.2, 6, '2025-11-19 11:44:08.037');
INSERT INTO public."SalesOrderItem" (id, "orderId", "productId", quantity, "unitPrice", discount, tax, "totalPrice", "createdAt") VALUES ('72727fa0-3eb8-4456-866f-dbb6dbc123e4', '767da174-8b3e-49cc-a0e9-6f74e1dd601e', '7aab4882-2997-44ce-a80c-7bbd50025f8a', 5, 1.5, 0, 1.5, 7.5, '2025-11-19 11:44:08.037');
INSERT INTO public."SalesOrderItem" (id, "orderId", "productId", quantity, "unitPrice", discount, tax, "totalPrice", "createdAt") VALUES ('4dabb85d-7982-43b3-8218-11d3344ddd91', 'a4768c41-518f-4afb-b159-ef2856bda1d8', '3e3ec351-573e-4b14-9e18-19c723f5e4de', 2, 1.5, 0, 0.6000000000000001, 3, '2025-11-19 11:44:08.042');
INSERT INTO public."SalesOrderItem" (id, "orderId", "productId", quantity, "unitPrice", discount, tax, "totalPrice", "createdAt") VALUES ('e7718b3f-c7ad-4abb-87b7-db6b088988de', 'a4768c41-518f-4afb-b159-ef2856bda1d8', '7aab4882-2997-44ce-a80c-7bbd50025f8a', 3, 1.5, 0, 0.9, 4.5, '2025-11-19 11:44:08.042');
INSERT INTO public."SalesOrderItem" (id, "orderId", "productId", quantity, "unitPrice", discount, tax, "totalPrice", "createdAt") VALUES ('063f003a-401a-4e27-96dc-707b0c6b6215', 'a4768c41-518f-4afb-b159-ef2856bda1d8', '480aabb0-d869-419d-9669-ca125386399f', 5, 1.5, 0, 1.5, 7.5, '2025-11-19 11:44:08.042');
INSERT INTO public."SalesOrderItem" (id, "orderId", "productId", quantity, "unitPrice", discount, tax, "totalPrice", "createdAt") VALUES ('0cfbcd09-8ff1-4dad-9dc6-0ccbaf4c89ec', '0d33da9a-8f5f-47af-bdf1-1394d6ee62cd', '3bce830c-79b4-4427-b20f-800cd2220d5e', 18, 15, 0, 54, 270, '2025-11-19 11:44:08.047');
INSERT INTO public."SalesOrderItem" (id, "orderId", "productId", quantity, "unitPrice", discount, tax, "totalPrice", "createdAt") VALUES ('7754295a-6a09-4ded-90b7-749d9c1a8eef', '0d33da9a-8f5f-47af-bdf1-1394d6ee62cd', '1916e212-298a-478f-884a-c11bf0119914', 16, 15, 0, 48, 240, '2025-11-19 11:44:08.047');
INSERT INTO public."SalesOrderItem" (id, "orderId", "productId", quantity, "unitPrice", discount, tax, "totalPrice", "createdAt") VALUES ('b5e66eb6-d81b-4db1-b36c-f4ebfaac7aa3', 'f828f1a3-2c72-4ec5-8f9a-163b0f4b3976', '55df8fe6-9551-4edf-ad87-21fecdb5b1dd', 3, 1.5, 0, 0.9, 4.5, '2025-11-19 11:44:08.052');
INSERT INTO public."SalesOrderItem" (id, "orderId", "productId", quantity, "unitPrice", discount, tax, "totalPrice", "createdAt") VALUES ('95e5a7c8-2d3c-45bc-aa9f-89365f9827b1', 'f828f1a3-2c72-4ec5-8f9a-163b0f4b3976', '575bb91e-4ae2-4841-931e-fb1667ce544e', 1, 1.5, 0, 0.3, 1.5, '2025-11-19 11:44:08.052');
INSERT INTO public."SalesOrderItem" (id, "orderId", "productId", quantity, "unitPrice", discount, tax, "totalPrice", "createdAt") VALUES ('93a815d8-a82d-401d-afd7-ec1270c89e26', 'f828f1a3-2c72-4ec5-8f9a-163b0f4b3976', '3e3ec351-573e-4b14-9e18-19c723f5e4de', 2, 1.5, 0, 0.6000000000000001, 3, '2025-11-19 11:44:08.052');
INSERT INTO public."SalesOrderItem" (id, "orderId", "productId", quantity, "unitPrice", discount, tax, "totalPrice", "createdAt") VALUES ('51f93ba7-e115-4196-b84e-44d35477be6f', 'f828f1a3-2c72-4ec5-8f9a-163b0f4b3976', 'f01b22a2-de44-431e-9b12-9ad4bfd0c801', 5, 1.5, 0, 1.5, 7.5, '2025-11-19 11:44:08.052');
INSERT INTO public."SalesOrderItem" (id, "orderId", "productId", quantity, "unitPrice", discount, tax, "totalPrice", "createdAt") VALUES ('3117632e-3b80-4186-94fe-185b3eff1a87', 'f828f1a3-2c72-4ec5-8f9a-163b0f4b3976', '077c0fc8-95bb-4769-a7d4-c288beb71d7d', 2, 1.5, 0, 0.6000000000000001, 3, '2025-11-19 11:44:08.052');
INSERT INTO public."SalesOrderItem" (id, "orderId", "productId", quantity, "unitPrice", discount, tax, "totalPrice", "createdAt") VALUES ('486abca6-1105-45cd-8f02-b2294cee6eb9', '212731fc-3dcd-4949-b379-2304397e0c46', 'a12fd2f9-6ca0-4763-a1cb-97f5b0541fc6', 1, 1.5, 0, 0.3, 1.5, '2025-11-19 11:44:08.058');
INSERT INTO public."SalesOrderItem" (id, "orderId", "productId", quantity, "unitPrice", discount, tax, "totalPrice", "createdAt") VALUES ('502940e7-67d2-4a29-8120-9dd95437110f', '212731fc-3dcd-4949-b379-2304397e0c46', '575bb91e-4ae2-4841-931e-fb1667ce544e', 2, 1.5, 0, 0.6000000000000001, 3, '2025-11-19 11:44:08.058');
INSERT INTO public."SalesOrderItem" (id, "orderId", "productId", quantity, "unitPrice", discount, tax, "totalPrice", "createdAt") VALUES ('7031fc85-f502-4f47-a9a2-08d0a05d1473', '212731fc-3dcd-4949-b379-2304397e0c46', '480aabb0-d869-419d-9669-ca125386399f', 1, 1.5, 0, 0.3, 1.5, '2025-11-19 11:44:08.058');
INSERT INTO public."SalesOrderItem" (id, "orderId", "productId", quantity, "unitPrice", discount, tax, "totalPrice", "createdAt") VALUES ('464bad86-5ec9-4693-abc6-cd9ad71f53cc', '212731fc-3dcd-4949-b379-2304397e0c46', '077c0fc8-95bb-4769-a7d4-c288beb71d7d', 1, 1.5, 0, 0.3, 1.5, '2025-11-19 11:44:08.058');
INSERT INTO public."SalesOrderItem" (id, "orderId", "productId", quantity, "unitPrice", discount, tax, "totalPrice", "createdAt") VALUES ('b06c138d-5129-4cfd-910c-fe07f95c2ba0', '212731fc-3dcd-4949-b379-2304397e0c46', 'c2bf33c2-65da-4800-99d8-f510431025f2', 2, 1.5, 0, 0.6000000000000001, 3, '2025-11-19 11:44:08.058');
INSERT INTO public."SalesOrderItem" (id, "orderId", "productId", quantity, "unitPrice", discount, tax, "totalPrice", "createdAt") VALUES ('c27a64fe-3468-49de-a844-0def5e2a3f8b', '406ac9ce-5011-44f1-99da-aa6439e7ab26', '7aab4882-2997-44ce-a80c-7bbd50025f8a', 2, 1.5, 0, 0.6000000000000001, 3, '2025-11-19 11:44:08.065');
INSERT INTO public."SalesOrderItem" (id, "orderId", "productId", quantity, "unitPrice", discount, tax, "totalPrice", "createdAt") VALUES ('1306e5ed-188e-43af-b651-ab8419166409', '67725e88-9757-4d33-b64a-d48176cb67cc', 'cd2d14a1-3b3a-4979-9051-7df1bd310293', 17, 15, 0, 51, 255, '2025-11-19 11:44:08.069');
INSERT INTO public."SalesOrderItem" (id, "orderId", "productId", quantity, "unitPrice", discount, tax, "totalPrice", "createdAt") VALUES ('1c1c6aa9-d91c-4c1a-86da-11df930cd74c', '67725e88-9757-4d33-b64a-d48176cb67cc', '3bce830c-79b4-4427-b20f-800cd2220d5e', 16, 15, 0, 48, 240, '2025-11-19 11:44:08.069');
INSERT INTO public."SalesOrderItem" (id, "orderId", "productId", quantity, "unitPrice", discount, tax, "totalPrice", "createdAt") VALUES ('42ab081f-83dd-4c5d-9c58-92c8df118dbf', '67725e88-9757-4d33-b64a-d48176cb67cc', 'faa7321e-070b-42c1-90d7-560d0fc2c245', 14, 15, 0, 42, 210, '2025-11-19 11:44:08.069');
INSERT INTO public."SalesOrderItem" (id, "orderId", "productId", quantity, "unitPrice", discount, tax, "totalPrice", "createdAt") VALUES ('aa039175-351f-42ec-91a9-a2425f567649', '67725e88-9757-4d33-b64a-d48176cb67cc', '973f1e3a-1157-43f3-aaf4-d444cf252237', 8, 15, 0, 24, 120, '2025-11-19 11:44:08.069');
INSERT INTO public."SalesOrderItem" (id, "orderId", "productId", quantity, "unitPrice", discount, tax, "totalPrice", "createdAt") VALUES ('1ea95d28-29fd-4edb-9a41-27744970137e', '46472e11-b504-4cb7-a385-fb41c53c89f2', '480aabb0-d869-419d-9669-ca125386399f', 3, 1.5, 0, 0.9, 4.5, '2025-11-19 11:44:08.075');
INSERT INTO public."SalesOrderItem" (id, "orderId", "productId", quantity, "unitPrice", discount, tax, "totalPrice", "createdAt") VALUES ('8e4c1188-b393-4ee3-855c-533ce86ba0c2', '46472e11-b504-4cb7-a385-fb41c53c89f2', 'f01b22a2-de44-431e-9b12-9ad4bfd0c801', 4, 1.5, 0, 1.2, 6, '2025-11-19 11:44:08.075');
INSERT INTO public."SalesOrderItem" (id, "orderId", "productId", quantity, "unitPrice", discount, tax, "totalPrice", "createdAt") VALUES ('14925b2a-1c0d-43b2-b0e4-24f26e94d63b', '7a0646a5-8174-4a41-9302-639c060c15f5', '3e3ec351-573e-4b14-9e18-19c723f5e4de', 4, 1.5, 0, 1.2, 6, '2025-11-19 11:44:08.081');
INSERT INTO public."SalesOrderItem" (id, "orderId", "productId", quantity, "unitPrice", discount, tax, "totalPrice", "createdAt") VALUES ('c23b97f4-a538-4d42-bae2-fd7a890991c4', '7a0646a5-8174-4a41-9302-639c060c15f5', '575bb91e-4ae2-4841-931e-fb1667ce544e', 5, 1.5, 0, 1.5, 7.5, '2025-11-19 11:44:08.081');
INSERT INTO public."SalesOrderItem" (id, "orderId", "productId", quantity, "unitPrice", discount, tax, "totalPrice", "createdAt") VALUES ('48b1092c-ca6d-426f-9cf1-acfbd2eb23f3', '7a0646a5-8174-4a41-9302-639c060c15f5', 'c2bf33c2-65da-4800-99d8-f510431025f2', 4, 1.5, 0, 1.2, 6, '2025-11-19 11:44:08.081');
INSERT INTO public."SalesOrderItem" (id, "orderId", "productId", quantity, "unitPrice", discount, tax, "totalPrice", "createdAt") VALUES ('0b0ccfa9-eed8-4030-9f98-5d48539a52d9', '7a0646a5-8174-4a41-9302-639c060c15f5', 'a12fd2f9-6ca0-4763-a1cb-97f5b0541fc6', 5, 1.5, 0, 1.5, 7.5, '2025-11-19 11:44:08.081');
INSERT INTO public."SalesOrderItem" (id, "orderId", "productId", quantity, "unitPrice", discount, tax, "totalPrice", "createdAt") VALUES ('c8b9b6a4-d860-401c-85ae-7cca36200877', '7a0646a5-8174-4a41-9302-639c060c15f5', '480aabb0-d869-419d-9669-ca125386399f', 2, 1.5, 0, 0.6000000000000001, 3, '2025-11-19 11:44:08.081');
INSERT INTO public."SalesOrderItem" (id, "orderId", "productId", quantity, "unitPrice", discount, tax, "totalPrice", "createdAt") VALUES ('f8c97f6e-b9c9-4dd3-b789-81b3c5119c4a', '2038910c-49bf-4647-b76d-44303914dce2', '077c0fc8-95bb-4769-a7d4-c288beb71d7d', 5, 1.5, 0, 1.5, 7.5, '2025-11-19 11:44:08.088');
INSERT INTO public."SalesOrderItem" (id, "orderId", "productId", quantity, "unitPrice", discount, tax, "totalPrice", "createdAt") VALUES ('f681d1b8-d4a1-4caa-a6f1-6b26f5021a9a', '2038910c-49bf-4647-b76d-44303914dce2', 'c2bf33c2-65da-4800-99d8-f510431025f2', 5, 1.5, 0, 1.5, 7.5, '2025-11-19 11:44:08.088');
INSERT INTO public."SalesOrderItem" (id, "orderId", "productId", quantity, "unitPrice", discount, tax, "totalPrice", "createdAt") VALUES ('f383c1c2-971a-44ec-a035-76cf68303a78', 'f4b17671-7e8e-4423-ab3b-e35cb72f2ec5', '1916e212-298a-478f-884a-c11bf0119914', 19, 15, 0, 57, 285, '2025-11-19 11:44:08.094');
INSERT INTO public."SalesOrderItem" (id, "orderId", "productId", quantity, "unitPrice", discount, tax, "totalPrice", "createdAt") VALUES ('b2db99e5-4234-470b-a034-9200ab421a23', 'f4b17671-7e8e-4423-ab3b-e35cb72f2ec5', '6fb2a109-4577-4382-a36a-f0c7df195a21', 9, 15, 0, 27, 135, '2025-11-19 11:44:08.094');
INSERT INTO public."SalesOrderItem" (id, "orderId", "productId", quantity, "unitPrice", discount, tax, "totalPrice", "createdAt") VALUES ('d7216006-9fe2-4dbc-becb-97a058e2e895', 'f4b17671-7e8e-4423-ab3b-e35cb72f2ec5', '35175ef5-1dad-4ca8-88cb-cf8e49624ec0', 17, 15, 0, 51, 255, '2025-11-19 11:44:08.094');
INSERT INTO public."SalesOrderItem" (id, "orderId", "productId", quantity, "unitPrice", discount, tax, "totalPrice", "createdAt") VALUES ('9549dd6a-2e25-4662-882c-a0ab812c74f4', 'f4b17671-7e8e-4423-ab3b-e35cb72f2ec5', 'a5743087-6dc2-4be2-86a1-b3111215d82f', 16, 15, 0, 48, 240, '2025-11-19 11:44:08.094');
INSERT INTO public."SalesOrderItem" (id, "orderId", "productId", quantity, "unitPrice", discount, tax, "totalPrice", "createdAt") VALUES ('1c8d3e5a-3fe5-4adb-83b6-bd2907606829', '1274aa7c-9f3b-403e-95a8-6d98c61d09df', 'a12fd2f9-6ca0-4763-a1cb-97f5b0541fc6', 4, 1.5, 0, 1.2, 6, '2025-11-19 11:44:08.101');
INSERT INTO public."SalesOrderItem" (id, "orderId", "productId", quantity, "unitPrice", discount, tax, "totalPrice", "createdAt") VALUES ('43176c18-7a13-4be7-9066-b0d760ac15aa', '1274aa7c-9f3b-403e-95a8-6d98c61d09df', '077c0fc8-95bb-4769-a7d4-c288beb71d7d', 4, 1.5, 0, 1.2, 6, '2025-11-19 11:44:08.101');
INSERT INTO public."SalesOrderItem" (id, "orderId", "productId", quantity, "unitPrice", discount, tax, "totalPrice", "createdAt") VALUES ('4c59f61a-6eb8-4229-8b17-c2bf08b50cf9', '1274aa7c-9f3b-403e-95a8-6d98c61d09df', 'c2bf33c2-65da-4800-99d8-f510431025f2', 5, 1.5, 0, 1.5, 7.5, '2025-11-19 11:44:08.101');
INSERT INTO public."SalesOrderItem" (id, "orderId", "productId", quantity, "unitPrice", discount, tax, "totalPrice", "createdAt") VALUES ('2991cd94-784e-4fbd-94d3-02cc8439f87d', 'fdd25a98-1c97-4c26-9cb3-9b1cb11e6944', 'd2d60122-eda5-47a0-87de-f909bdf5a386', 2, 1.5, 0, 0.6000000000000001, 3, '2025-11-19 11:44:08.107');
INSERT INTO public."SalesOrderItem" (id, "orderId", "productId", quantity, "unitPrice", discount, tax, "totalPrice", "createdAt") VALUES ('e5b9b67f-deeb-4999-99e3-03558b66151e', 'fdd25a98-1c97-4c26-9cb3-9b1cb11e6944', 'f8382845-039b-4149-88e2-c4c1f33bdea6', 3, 1.5, 0, 0.9, 4.5, '2025-11-19 11:44:08.107');
INSERT INTO public."SalesOrderItem" (id, "orderId", "productId", quantity, "unitPrice", discount, tax, "totalPrice", "createdAt") VALUES ('99b9696a-a599-431f-8044-24061ec6fa8e', 'fdd25a98-1c97-4c26-9cb3-9b1cb11e6944', 'c2bf33c2-65da-4800-99d8-f510431025f2', 2, 1.5, 0, 0.6000000000000001, 3, '2025-11-19 11:44:08.107');
INSERT INTO public."SalesOrderItem" (id, "orderId", "productId", quantity, "unitPrice", discount, tax, "totalPrice", "createdAt") VALUES ('fb78c974-d4ac-42f0-9c0c-3c1764b910ec', '9ada28e8-2d64-43b0-9bf1-bafa9b96e85f', '6d6d968b-4df1-4bc4-aaca-989542eaeeea', 2, 1.5, 0, 0.6000000000000001, 3, '2025-11-19 11:44:08.113');
INSERT INTO public."SalesOrderItem" (id, "orderId", "productId", quantity, "unitPrice", discount, tax, "totalPrice", "createdAt") VALUES ('b0faee54-93d9-4bfe-817d-bd21bad97872', '9ada28e8-2d64-43b0-9bf1-bafa9b96e85f', '077c0fc8-95bb-4769-a7d4-c288beb71d7d', 3, 1.5, 0, 0.9, 4.5, '2025-11-19 11:44:08.113');
INSERT INTO public."SalesOrderItem" (id, "orderId", "productId", quantity, "unitPrice", discount, tax, "totalPrice", "createdAt") VALUES ('fd42f3c2-5021-4de7-8ae4-8db9df0b460a', 'd8107de5-8d91-417a-aa4e-65fcee6ae1b6', '01af1118-4686-4c68-930a-1e7ca64f0657', 14, 15, 0, 42, 210, '2025-11-19 11:44:08.119');
INSERT INTO public."SalesOrderItem" (id, "orderId", "productId", quantity, "unitPrice", discount, tax, "totalPrice", "createdAt") VALUES ('37658186-ed58-4920-a431-24f4c0ab0029', 'd8107de5-8d91-417a-aa4e-65fcee6ae1b6', 'c7a1f76d-517a-4dfd-95db-200a7e767ac8', 10, 15, 0, 30, 150, '2025-11-19 11:44:08.119');
INSERT INTO public."SalesOrderItem" (id, "orderId", "productId", quantity, "unitPrice", discount, tax, "totalPrice", "createdAt") VALUES ('7a6b5d21-2d5a-4d88-909c-7ff7d217dec8', 'f26f685e-b167-4fb3-8ab6-ddabc80d0584', 'd2d60122-eda5-47a0-87de-f909bdf5a386', 3, 1.5, 0, 0.9, 4.5, '2025-11-19 11:44:08.125');
INSERT INTO public."SalesOrderItem" (id, "orderId", "productId", quantity, "unitPrice", discount, tax, "totalPrice", "createdAt") VALUES ('82baa965-f9be-4681-acfa-9d2c0ce221af', 'f26f685e-b167-4fb3-8ab6-ddabc80d0584', '7aab4882-2997-44ce-a80c-7bbd50025f8a', 1, 1.5, 0, 0.3, 1.5, '2025-11-19 11:44:08.125');
INSERT INTO public."SalesOrderItem" (id, "orderId", "productId", quantity, "unitPrice", discount, tax, "totalPrice", "createdAt") VALUES ('6492970e-8c08-4ceb-b890-eac761953ae4', 'f26f685e-b167-4fb3-8ab6-ddabc80d0584', '354b59a9-cb3d-4032-bd62-001178924e1a', 2, 1.5, 0, 0.6000000000000001, 3, '2025-11-19 11:44:08.125');
INSERT INTO public."SalesOrderItem" (id, "orderId", "productId", quantity, "unitPrice", discount, tax, "totalPrice", "createdAt") VALUES ('a626564a-4862-4f5a-b4e0-1b356bf5272b', 'f26f685e-b167-4fb3-8ab6-ddabc80d0584', 'a12fd2f9-6ca0-4763-a1cb-97f5b0541fc6', 5, 1.5, 0, 1.5, 7.5, '2025-11-19 11:44:08.125');
INSERT INTO public."SalesOrderItem" (id, "orderId", "productId", quantity, "unitPrice", discount, tax, "totalPrice", "createdAt") VALUES ('2d778f5c-f2ec-437b-acb4-5a5b3290f25b', 'f26f685e-b167-4fb3-8ab6-ddabc80d0584', 'f01b22a2-de44-431e-9b12-9ad4bfd0c801', 1, 1.5, 0, 0.3, 1.5, '2025-11-19 11:44:08.125');
INSERT INTO public."SalesOrderItem" (id, "orderId", "productId", quantity, "unitPrice", discount, tax, "totalPrice", "createdAt") VALUES ('43b26236-7d00-48b5-acec-634acf5980ee', '6c9a2f1c-532e-4488-b15d-e3c4019a597c', '480aabb0-d869-419d-9669-ca125386399f', 3, 1.5, 0, 0.9, 4.5, '2025-11-19 11:44:08.134');
INSERT INTO public."SalesOrderItem" (id, "orderId", "productId", quantity, "unitPrice", discount, tax, "totalPrice", "createdAt") VALUES ('d07e5900-35d0-490c-87ef-d5bc5e1e7282', 'a3b96028-03a8-4f51-a9ea-3d560f450692', '3e3ec351-573e-4b14-9e18-19c723f5e4de', 5, 1.5, 0, 1.5, 7.5, '2025-11-19 11:44:08.139');
INSERT INTO public."SalesOrderItem" (id, "orderId", "productId", quantity, "unitPrice", discount, tax, "totalPrice", "createdAt") VALUES ('e91c7fcc-4c0c-4258-abec-f95900e98c24', 'c78b859a-7bba-4c69-8f1d-e8be28d8bbd0', '35175ef5-1dad-4ca8-88cb-cf8e49624ec0', 8, 15, 0, 24, 120, '2025-11-19 11:44:08.144');
INSERT INTO public."SalesOrderItem" (id, "orderId", "productId", quantity, "unitPrice", discount, tax, "totalPrice", "createdAt") VALUES ('0afde187-62e2-42d6-bf54-843ee189b1ad', 'c78b859a-7bba-4c69-8f1d-e8be28d8bbd0', '588729d7-1295-4b24-a66e-fada023b0b51', 6, 15, 0, 18, 90, '2025-11-19 11:44:08.144');
INSERT INTO public."SalesOrderItem" (id, "orderId", "productId", quantity, "unitPrice", discount, tax, "totalPrice", "createdAt") VALUES ('a83b947a-aeef-4ee4-98dd-7c0b58656f7c', 'c78b859a-7bba-4c69-8f1d-e8be28d8bbd0', '01af1118-4686-4c68-930a-1e7ca64f0657', 18, 15, 0, 54, 270, '2025-11-19 11:44:08.144');
INSERT INTO public."SalesOrderItem" (id, "orderId", "productId", quantity, "unitPrice", discount, tax, "totalPrice", "createdAt") VALUES ('7e6d9e61-5785-48eb-a81a-b167c1d442a1', 'c78b859a-7bba-4c69-8f1d-e8be28d8bbd0', '6fb2a109-4577-4382-a36a-f0c7df195a21', 13, 15, 0, 39, 195, '2025-11-19 11:44:08.144');
INSERT INTO public."SalesOrderItem" (id, "orderId", "productId", quantity, "unitPrice", discount, tax, "totalPrice", "createdAt") VALUES ('77326f16-100e-4620-8d78-ef97a8f070e3', 'c78b859a-7bba-4c69-8f1d-e8be28d8bbd0', '21e4ab4a-681b-4341-b8de-41d4bfa76338', 20, 15, 0, 60, 300, '2025-11-19 11:44:08.144');
INSERT INTO public."SalesOrderItem" (id, "orderId", "productId", quantity, "unitPrice", discount, tax, "totalPrice", "createdAt") VALUES ('4a6ca76d-ddc4-415a-a789-ab03249bd126', '21adc4d3-f749-41b9-a633-e6b0bb87e785', '3e3ec351-573e-4b14-9e18-19c723f5e4de', 2, 1.5, 0, 0.6000000000000001, 3, '2025-11-19 11:44:08.152');
INSERT INTO public."SalesOrderItem" (id, "orderId", "productId", quantity, "unitPrice", discount, tax, "totalPrice", "createdAt") VALUES ('bddc09d1-ff0b-41c3-a6cb-cd6d5ab97bb8', '21adc4d3-f749-41b9-a633-e6b0bb87e785', 'f8382845-039b-4149-88e2-c4c1f33bdea6', 1, 1.5, 0, 0.3, 1.5, '2025-11-19 11:44:08.152');
INSERT INTO public."SalesOrderItem" (id, "orderId", "productId", quantity, "unitPrice", discount, tax, "totalPrice", "createdAt") VALUES ('7e7aef3d-8641-4737-8623-07cb45a0237d', '21adc4d3-f749-41b9-a633-e6b0bb87e785', 'a12fd2f9-6ca0-4763-a1cb-97f5b0541fc6', 1, 1.5, 0, 0.3, 1.5, '2025-11-19 11:44:08.152');
INSERT INTO public."SalesOrderItem" (id, "orderId", "productId", quantity, "unitPrice", discount, tax, "totalPrice", "createdAt") VALUES ('0c076fb2-a24e-4589-bf0f-0c403c079094', '21adc4d3-f749-41b9-a633-e6b0bb87e785', 'f01b22a2-de44-431e-9b12-9ad4bfd0c801', 3, 1.5, 0, 0.9, 4.5, '2025-11-19 11:44:08.152');
INSERT INTO public."SalesOrderItem" (id, "orderId", "productId", quantity, "unitPrice", discount, tax, "totalPrice", "createdAt") VALUES ('6450ba2a-d7e1-4bef-8381-52ba888ccd79', 'd5b9ba47-c73d-4fe2-abce-9c1d05cc2c9f', '575bb91e-4ae2-4841-931e-fb1667ce544e', 2, 1.5, 0, 0.6000000000000001, 3, '2025-11-19 11:44:08.159');
INSERT INTO public."SalesOrderItem" (id, "orderId", "productId", quantity, "unitPrice", discount, tax, "totalPrice", "createdAt") VALUES ('a453c616-f944-437a-a0c0-2b9212111bae', 'd5b9ba47-c73d-4fe2-abce-9c1d05cc2c9f', '077c0fc8-95bb-4769-a7d4-c288beb71d7d', 1, 1.5, 0, 0.3, 1.5, '2025-11-19 11:44:08.159');
INSERT INTO public."SalesOrderItem" (id, "orderId", "productId", quantity, "unitPrice", discount, tax, "totalPrice", "createdAt") VALUES ('932c8b3d-41cc-4135-9722-154deb623d50', 'd5b9ba47-c73d-4fe2-abce-9c1d05cc2c9f', '7aab4882-2997-44ce-a80c-7bbd50025f8a', 5, 1.5, 0, 1.5, 7.5, '2025-11-19 11:44:08.159');
INSERT INTO public."SalesOrderItem" (id, "orderId", "productId", quantity, "unitPrice", discount, tax, "totalPrice", "createdAt") VALUES ('d66949af-b5de-444e-8b92-07c9d17e1ac5', 'd5b9ba47-c73d-4fe2-abce-9c1d05cc2c9f', '3e3ec351-573e-4b14-9e18-19c723f5e4de', 3, 1.5, 0, 0.9, 4.5, '2025-11-19 11:44:08.159');
INSERT INTO public."SalesOrderItem" (id, "orderId", "productId", quantity, "unitPrice", discount, tax, "totalPrice", "createdAt") VALUES ('f16aa562-68af-48c7-9040-b589e5b26d66', '7f847635-8203-4afe-b22d-60de8cebe736', '6d6d968b-4df1-4bc4-aaca-989542eaeeea', 4, 1.5, 0, 1.2, 6, '2025-11-19 11:44:08.167');
INSERT INTO public."SalesOrderItem" (id, "orderId", "productId", quantity, "unitPrice", discount, tax, "totalPrice", "createdAt") VALUES ('9f76c73a-c9c3-4392-89bd-1119fbe396f7', '1eb73025-1bd5-4d59-bd63-98a6e9d0cb29', '1916e212-298a-478f-884a-c11bf0119914', 7, 15, 0, 21, 105, '2025-11-19 11:44:08.172');
INSERT INTO public."SalesOrderItem" (id, "orderId", "productId", quantity, "unitPrice", discount, tax, "totalPrice", "createdAt") VALUES ('a50d76f4-2940-4a8d-8012-620a7401c199', '1eb73025-1bd5-4d59-bd63-98a6e9d0cb29', 'd9376524-9808-4971-afe6-925753c7b800', 8, 15, 0, 24, 120, '2025-11-19 11:44:08.172');
INSERT INTO public."SalesOrderItem" (id, "orderId", "productId", quantity, "unitPrice", discount, tax, "totalPrice", "createdAt") VALUES ('eecceacc-011a-44c8-a495-9607a7626a3f', '1eb73025-1bd5-4d59-bd63-98a6e9d0cb29', '5e2ca2ad-7bf8-4d44-8299-3f6b0ea4c72c', 16, 15, 0, 48, 240, '2025-11-19 11:44:08.172');
INSERT INTO public."SalesOrderItem" (id, "orderId", "productId", quantity, "unitPrice", discount, tax, "totalPrice", "createdAt") VALUES ('d9695785-51be-4edc-9163-24ffdb119201', '1eb73025-1bd5-4d59-bd63-98a6e9d0cb29', '35175ef5-1dad-4ca8-88cb-cf8e49624ec0', 11, 15, 0, 33, 165, '2025-11-19 11:44:08.172');
INSERT INTO public."SalesOrderItem" (id, "orderId", "productId", quantity, "unitPrice", discount, tax, "totalPrice", "createdAt") VALUES ('06501169-f2cb-4df1-a9d9-45f67608ed9a', '6f7638b8-fe48-44c5-881e-83970873a790', 'd94c04e9-e4bf-444c-87ee-5e7a033915e4', 3, 1.5, 0, 0.9, 4.5, '2025-11-19 11:44:08.179');
INSERT INTO public."SalesOrderItem" (id, "orderId", "productId", quantity, "unitPrice", discount, tax, "totalPrice", "createdAt") VALUES ('593dc250-0200-4767-9308-e2c2a35ef26c', '6f7638b8-fe48-44c5-881e-83970873a790', 'c2bf33c2-65da-4800-99d8-f510431025f2', 4, 1.5, 0, 1.2, 6, '2025-11-19 11:44:08.179');
INSERT INTO public."SalesOrderItem" (id, "orderId", "productId", quantity, "unitPrice", discount, tax, "totalPrice", "createdAt") VALUES ('3dcfd09b-7e29-4a5f-891d-3b27ef1d9d33', '6f7638b8-fe48-44c5-881e-83970873a790', '480aabb0-d869-419d-9669-ca125386399f', 5, 1.5, 0, 1.5, 7.5, '2025-11-19 11:44:08.179');
INSERT INTO public."SalesOrderItem" (id, "orderId", "productId", quantity, "unitPrice", discount, tax, "totalPrice", "createdAt") VALUES ('9332e1b5-706c-48fa-bd0c-af0fa772fdeb', '6f7638b8-fe48-44c5-881e-83970873a790', 'f01b22a2-de44-431e-9b12-9ad4bfd0c801', 2, 1.5, 0, 0.6000000000000001, 3, '2025-11-19 11:44:08.179');
INSERT INTO public."SalesOrderItem" (id, "orderId", "productId", quantity, "unitPrice", discount, tax, "totalPrice", "createdAt") VALUES ('75679946-463c-4dd0-b3dc-113b14edf3ba', '5855a8b2-0a3f-46a4-8bde-d2ef6443669b', '3f618851-f529-45d2-a466-934713d86aa4', 2, 1.5, 0, 0.6000000000000001, 3, '2025-11-19 11:44:08.186');
INSERT INTO public."SalesOrderItem" (id, "orderId", "productId", quantity, "unitPrice", discount, tax, "totalPrice", "createdAt") VALUES ('a77193e0-39d8-4a8e-b707-a02f3716a8e0', '5855a8b2-0a3f-46a4-8bde-d2ef6443669b', '077c0fc8-95bb-4769-a7d4-c288beb71d7d', 1, 1.5, 0, 0.3, 1.5, '2025-11-19 11:44:08.186');
INSERT INTO public."SalesOrderItem" (id, "orderId", "productId", quantity, "unitPrice", discount, tax, "totalPrice", "createdAt") VALUES ('8b41a422-8e90-45b5-a396-57d000b12571', '5855a8b2-0a3f-46a4-8bde-d2ef6443669b', '0284163e-aa5a-45b5-8191-803fea0f3551', 5, 1.5, 0, 1.5, 7.5, '2025-11-19 11:44:08.186');
INSERT INTO public."SalesOrderItem" (id, "orderId", "productId", quantity, "unitPrice", discount, tax, "totalPrice", "createdAt") VALUES ('4b6caada-448e-4c05-87c0-cb929d3f1ae0', '5855a8b2-0a3f-46a4-8bde-d2ef6443669b', '575bb91e-4ae2-4841-931e-fb1667ce544e', 3, 1.5, 0, 0.9, 4.5, '2025-11-19 11:44:08.186');
INSERT INTO public."SalesOrderItem" (id, "orderId", "productId", quantity, "unitPrice", discount, tax, "totalPrice", "createdAt") VALUES ('c677fde9-6c0c-49cd-8b2e-aabb809fc399', '5855a8b2-0a3f-46a4-8bde-d2ef6443669b', '3e3ec351-573e-4b14-9e18-19c723f5e4de', 1, 1.5, 0, 0.3, 1.5, '2025-11-19 11:44:08.186');
INSERT INTO public."SalesOrderItem" (id, "orderId", "productId", quantity, "unitPrice", discount, tax, "totalPrice", "createdAt") VALUES ('55eee3f8-703e-41de-8141-d845fdb51e58', 'e1458ca2-5289-478e-a791-0f9244888d9c', '7aab4882-2997-44ce-a80c-7bbd50025f8a', 5, 1.5, 0, 1.5, 7.5, '2025-11-19 11:44:08.194');
INSERT INTO public."SalesOrderItem" (id, "orderId", "productId", quantity, "unitPrice", discount, tax, "totalPrice", "createdAt") VALUES ('3de2a7cf-cc3c-409e-8645-99a61b133bcb', 'c725c98d-edb3-4387-bbac-59508156f45e', '1916e212-298a-478f-884a-c11bf0119914', 19, 15, 0, 57, 285, '2025-11-19 11:44:08.2');
INSERT INTO public."SalesOrderItem" (id, "orderId", "productId", quantity, "unitPrice", discount, tax, "totalPrice", "createdAt") VALUES ('248afc62-7fd9-4109-8af0-cad8efac83c4', 'c725c98d-edb3-4387-bbac-59508156f45e', '21e4ab4a-681b-4341-b8de-41d4bfa76338', 15, 15, 0, 45, 225, '2025-11-19 11:44:08.2');
INSERT INTO public."SalesOrderItem" (id, "orderId", "productId", quantity, "unitPrice", discount, tax, "totalPrice", "createdAt") VALUES ('1a142ae7-4f6a-436b-a8be-f8a289b7de43', 'c725c98d-edb3-4387-bbac-59508156f45e', 'cd2d14a1-3b3a-4979-9051-7df1bd310293', 18, 15, 0, 54, 270, '2025-11-19 11:44:08.2');
INSERT INTO public."SalesOrderItem" (id, "orderId", "productId", quantity, "unitPrice", discount, tax, "totalPrice", "createdAt") VALUES ('3e638c68-6d3d-418a-a510-a503a3839443', 'c725c98d-edb3-4387-bbac-59508156f45e', '3bce830c-79b4-4427-b20f-800cd2220d5e', 8, 15, 0, 24, 120, '2025-11-19 11:44:08.2');
INSERT INTO public."SalesOrderItem" (id, "orderId", "productId", quantity, "unitPrice", discount, tax, "totalPrice", "createdAt") VALUES ('fabb5533-ad97-4911-bd05-8fb3058cc26f', 'c725c98d-edb3-4387-bbac-59508156f45e', 'faa7321e-070b-42c1-90d7-560d0fc2c245', 20, 15, 0, 60, 300, '2025-11-19 11:44:08.2');
INSERT INTO public."SalesOrderItem" (id, "orderId", "productId", quantity, "unitPrice", discount, tax, "totalPrice", "createdAt") VALUES ('876b083f-40f2-49a5-ab06-4a3e296e655c', 'de05a61e-58ba-497e-a7d3-658ff02eda87', '7aab4882-2997-44ce-a80c-7bbd50025f8a', 5, 1.5, 0, 1.5, 7.5, '2025-11-19 11:44:08.208');
INSERT INTO public."SalesOrderItem" (id, "orderId", "productId", quantity, "unitPrice", discount, tax, "totalPrice", "createdAt") VALUES ('98403841-fa9d-467c-b2fa-72de5c723856', 'de05a61e-58ba-497e-a7d3-658ff02eda87', 'c2bf33c2-65da-4800-99d8-f510431025f2', 3, 1.5, 0, 0.9, 4.5, '2025-11-19 11:44:08.208');
INSERT INTO public."SalesOrderItem" (id, "orderId", "productId", quantity, "unitPrice", discount, tax, "totalPrice", "createdAt") VALUES ('e1724f06-4096-4f8d-af23-bcf188b3b886', 'de05a61e-58ba-497e-a7d3-658ff02eda87', '480aabb0-d869-419d-9669-ca125386399f', 3, 1.5, 0, 0.9, 4.5, '2025-11-19 11:44:08.208');
INSERT INTO public."SalesOrderItem" (id, "orderId", "productId", quantity, "unitPrice", discount, tax, "totalPrice", "createdAt") VALUES ('36a9108a-a960-4c75-a72e-5bae4e93e997', 'de05a61e-58ba-497e-a7d3-658ff02eda87', '6d6d968b-4df1-4bc4-aaca-989542eaeeea', 3, 1.5, 0, 0.9, 4.5, '2025-11-19 11:44:08.208');


--
-- Data for Name: Supplier; Type: TABLE DATA; Schema: public; Owner: wms_user
--



--
-- Data for Name: Transfer; Type: TABLE DATA; Schema: public; Owner: wms_user
--



--
-- Data for Name: TransferItem; Type: TABLE DATA; Schema: public; Owner: wms_user
--



--
-- Data for Name: directus_policies; Type: TABLE DATA; Schema: public; Owner: wms_user
--

INSERT INTO public.directus_policies (id, name, icon, description, ip_access, enforce_tfa, admin_access, app_access) VALUES ('abf8a154-5b1c-4a46-ac9c-7300570f4f17', '$t:public_label', 'public', '$t:public_description', NULL, false, false, false);
INSERT INTO public.directus_policies (id, name, icon, description, ip_access, enforce_tfa, admin_access, app_access) VALUES ('6ae085a6-005d-4e6a-ae7d-2018d7ca7872', 'Administrator', 'verified', '$t:admin_description', NULL, false, true, true);


--
-- Data for Name: directus_roles; Type: TABLE DATA; Schema: public; Owner: wms_user
--

INSERT INTO public.directus_roles (id, name, icon, description, parent) VALUES ('2c8fb5d6-e3a3-45b5-81c0-8e0847e0132b', 'Administrator', 'verified', '$t:admin_description', NULL);


--
-- Data for Name: directus_users; Type: TABLE DATA; Schema: public; Owner: wms_user
--

INSERT INTO public.directus_users (id, first_name, last_name, email, password, location, title, description, tags, avatar, language, tfa_secret, status, role, token, last_access, last_page, provider, external_identifier, auth_data, email_notifications, appearance, theme_dark, theme_light, theme_light_overrides, theme_dark_overrides) VALUES ('0fdd52ef-d540-4368-9a02-fc5ff6de5caf', 'Admin', 'User', 'admin@kiaan.com', '$argon2id$v=19$m=65536,t=3,p=4$qI+AONu0ykWbBcX0x4Jx/A$wIWqjCtVG/nytX34XHku32dLUoJL0SYCseN4bwxwEc8', NULL, NULL, NULL, NULL, NULL, NULL, NULL, 'active', '2c8fb5d6-e3a3-45b5-81c0-8e0847e0132b', NULL, NULL, NULL, 'default', NULL, NULL, true, NULL, NULL, NULL, NULL, NULL);


--
-- Data for Name: directus_access; Type: TABLE DATA; Schema: public; Owner: wms_user
--

INSERT INTO public.directus_access (id, role, "user", policy, sort) VALUES ('28d32b00-2ade-471c-ac12-36a8bd47f57e', NULL, NULL, 'abf8a154-5b1c-4a46-ac9c-7300570f4f17', 1);
INSERT INTO public.directus_access (id, role, "user", policy, sort) VALUES ('02d8f994-c61d-4eac-a6c0-067ce1f9aa66', '2c8fb5d6-e3a3-45b5-81c0-8e0847e0132b', NULL, '6ae085a6-005d-4e6a-ae7d-2018d7ca7872', NULL);


--
-- Data for Name: directus_activity; Type: TABLE DATA; Schema: public; Owner: wms_user
--



--
-- Data for Name: directus_collections; Type: TABLE DATA; Schema: public; Owner: wms_user
--



--
-- Data for Name: directus_comments; Type: TABLE DATA; Schema: public; Owner: wms_user
--



--
-- Data for Name: directus_dashboards; Type: TABLE DATA; Schema: public; Owner: wms_user
--



--
-- Data for Name: directus_extensions; Type: TABLE DATA; Schema: public; Owner: wms_user
--



--
-- Data for Name: directus_fields; Type: TABLE DATA; Schema: public; Owner: wms_user
--



--
-- Data for Name: directus_folders; Type: TABLE DATA; Schema: public; Owner: wms_user
--



--
-- Data for Name: directus_files; Type: TABLE DATA; Schema: public; Owner: wms_user
--



--
-- Data for Name: directus_flows; Type: TABLE DATA; Schema: public; Owner: wms_user
--



--
-- Data for Name: directus_migrations; Type: TABLE DATA; Schema: public; Owner: wms_user
--

INSERT INTO public.directus_migrations (version, name, "timestamp") VALUES ('20201028A', 'Remove Collection Foreign Keys', '2025-11-22 10:01:14.832674+00');
INSERT INTO public.directus_migrations (version, name, "timestamp") VALUES ('20201029A', 'Remove System Relations', '2025-11-22 10:01:14.841345+00');
INSERT INTO public.directus_migrations (version, name, "timestamp") VALUES ('20201029B', 'Remove System Collections', '2025-11-22 10:01:14.848303+00');
INSERT INTO public.directus_migrations (version, name, "timestamp") VALUES ('20201029C', 'Remove System Fields', '2025-11-22 10:01:14.86034+00');
INSERT INTO public.directus_migrations (version, name, "timestamp") VALUES ('20201105A', 'Add Cascade System Relations', '2025-11-22 10:01:14.945997+00');
INSERT INTO public.directus_migrations (version, name, "timestamp") VALUES ('20201105B', 'Change Webhook URL Type', '2025-11-22 10:01:14.957521+00');
INSERT INTO public.directus_migrations (version, name, "timestamp") VALUES ('20210225A', 'Add Relations Sort Field', '2025-11-22 10:01:14.970396+00');
INSERT INTO public.directus_migrations (version, name, "timestamp") VALUES ('20210304A', 'Remove Locked Fields', '2025-11-22 10:01:14.977962+00');
INSERT INTO public.directus_migrations (version, name, "timestamp") VALUES ('20210312A', 'Webhooks Collections Text', '2025-11-22 10:01:14.993123+00');
INSERT INTO public.directus_migrations (version, name, "timestamp") VALUES ('20210331A', 'Add Refresh Interval', '2025-11-22 10:01:14.999349+00');
INSERT INTO public.directus_migrations (version, name, "timestamp") VALUES ('20210415A', 'Make Filesize Nullable', '2025-11-22 10:01:15.012062+00');
INSERT INTO public.directus_migrations (version, name, "timestamp") VALUES ('20210416A', 'Add Collections Accountability', '2025-11-22 10:01:15.018832+00');
INSERT INTO public.directus_migrations (version, name, "timestamp") VALUES ('20210422A', 'Remove Files Interface', '2025-11-22 10:01:15.022362+00');
INSERT INTO public.directus_migrations (version, name, "timestamp") VALUES ('20210506A', 'Rename Interfaces', '2025-11-22 10:01:15.064504+00');
INSERT INTO public.directus_migrations (version, name, "timestamp") VALUES ('20210510A', 'Restructure Relations', '2025-11-22 10:01:15.108865+00');
INSERT INTO public.directus_migrations (version, name, "timestamp") VALUES ('20210518A', 'Add Foreign Key Constraints', '2025-11-22 10:01:15.125481+00');
INSERT INTO public.directus_migrations (version, name, "timestamp") VALUES ('20210519A', 'Add System Fk Triggers', '2025-11-22 10:01:15.186193+00');
INSERT INTO public.directus_migrations (version, name, "timestamp") VALUES ('20210521A', 'Add Collections Icon Color', '2025-11-22 10:01:15.191035+00');
INSERT INTO public.directus_migrations (version, name, "timestamp") VALUES ('20210525A', 'Add Insights', '2025-11-22 10:01:15.232723+00');
INSERT INTO public.directus_migrations (version, name, "timestamp") VALUES ('20210608A', 'Add Deep Clone Config', '2025-11-22 10:01:15.241393+00');
INSERT INTO public.directus_migrations (version, name, "timestamp") VALUES ('20210626A', 'Change Filesize Bigint', '2025-11-22 10:01:15.268426+00');
INSERT INTO public.directus_migrations (version, name, "timestamp") VALUES ('20210716A', 'Add Conditions to Fields', '2025-11-22 10:01:15.272684+00');
INSERT INTO public.directus_migrations (version, name, "timestamp") VALUES ('20210721A', 'Add Default Folder', '2025-11-22 10:01:15.28139+00');
INSERT INTO public.directus_migrations (version, name, "timestamp") VALUES ('20210802A', 'Replace Groups', '2025-11-22 10:01:15.287347+00');
INSERT INTO public.directus_migrations (version, name, "timestamp") VALUES ('20210803A', 'Add Required to Fields', '2025-11-22 10:01:15.292672+00');
INSERT INTO public.directus_migrations (version, name, "timestamp") VALUES ('20210805A', 'Update Groups', '2025-11-22 10:01:15.298513+00');
INSERT INTO public.directus_migrations (version, name, "timestamp") VALUES ('20210805B', 'Change Image Metadata Structure', '2025-11-22 10:01:15.30529+00');
INSERT INTO public.directus_migrations (version, name, "timestamp") VALUES ('20210811A', 'Add Geometry Config', '2025-11-22 10:01:15.311338+00');
INSERT INTO public.directus_migrations (version, name, "timestamp") VALUES ('20210831A', 'Remove Limit Column', '2025-11-22 10:01:15.31674+00');
INSERT INTO public.directus_migrations (version, name, "timestamp") VALUES ('20210903A', 'Add Auth Provider', '2025-11-22 10:01:15.341848+00');
INSERT INTO public.directus_migrations (version, name, "timestamp") VALUES ('20210907A', 'Webhooks Collections Not Null', '2025-11-22 10:01:15.35474+00');
INSERT INTO public.directus_migrations (version, name, "timestamp") VALUES ('20210910A', 'Move Module Setup', '2025-11-22 10:01:15.362582+00');
INSERT INTO public.directus_migrations (version, name, "timestamp") VALUES ('20210920A', 'Webhooks URL Not Null', '2025-11-22 10:01:15.378817+00');
INSERT INTO public.directus_migrations (version, name, "timestamp") VALUES ('20210924A', 'Add Collection Organization', '2025-11-22 10:01:15.387727+00');
INSERT INTO public.directus_migrations (version, name, "timestamp") VALUES ('20210927A', 'Replace Fields Group', '2025-11-22 10:01:15.402994+00');
INSERT INTO public.directus_migrations (version, name, "timestamp") VALUES ('20210927B', 'Replace M2M Interface', '2025-11-22 10:01:15.406674+00');
INSERT INTO public.directus_migrations (version, name, "timestamp") VALUES ('20210929A', 'Rename Login Action', '2025-11-22 10:01:15.410381+00');
INSERT INTO public.directus_migrations (version, name, "timestamp") VALUES ('20211007A', 'Update Presets', '2025-11-22 10:01:15.420279+00');
INSERT INTO public.directus_migrations (version, name, "timestamp") VALUES ('20211009A', 'Add Auth Data', '2025-11-22 10:01:15.425715+00');
INSERT INTO public.directus_migrations (version, name, "timestamp") VALUES ('20211016A', 'Add Webhook Headers', '2025-11-22 10:01:15.431344+00');
INSERT INTO public.directus_migrations (version, name, "timestamp") VALUES ('20211103A', 'Set Unique to User Token', '2025-11-22 10:01:15.442456+00');
INSERT INTO public.directus_migrations (version, name, "timestamp") VALUES ('20211103B', 'Update Special Geometry', '2025-11-22 10:01:15.448063+00');
INSERT INTO public.directus_migrations (version, name, "timestamp") VALUES ('20211104A', 'Remove Collections Listing', '2025-11-22 10:01:15.454336+00');
INSERT INTO public.directus_migrations (version, name, "timestamp") VALUES ('20211118A', 'Add Notifications', '2025-11-22 10:01:15.482119+00');
INSERT INTO public.directus_migrations (version, name, "timestamp") VALUES ('20211211A', 'Add Shares', '2025-11-22 10:01:15.504349+00');
INSERT INTO public.directus_migrations (version, name, "timestamp") VALUES ('20211230A', 'Add Project Descriptor', '2025-11-22 10:01:15.507742+00');
INSERT INTO public.directus_migrations (version, name, "timestamp") VALUES ('20220303A', 'Remove Default Project Color', '2025-11-22 10:01:15.516482+00');
INSERT INTO public.directus_migrations (version, name, "timestamp") VALUES ('20220308A', 'Add Bookmark Icon and Color', '2025-11-22 10:01:15.520005+00');
INSERT INTO public.directus_migrations (version, name, "timestamp") VALUES ('20220314A', 'Add Translation Strings', '2025-11-22 10:01:15.523084+00');
INSERT INTO public.directus_migrations (version, name, "timestamp") VALUES ('20220322A', 'Rename Field Typecast Flags', '2025-11-22 10:01:15.527848+00');
INSERT INTO public.directus_migrations (version, name, "timestamp") VALUES ('20220323A', 'Add Field Validation', '2025-11-22 10:01:15.53107+00');
INSERT INTO public.directus_migrations (version, name, "timestamp") VALUES ('20220325A', 'Fix Typecast Flags', '2025-11-22 10:01:15.535241+00');
INSERT INTO public.directus_migrations (version, name, "timestamp") VALUES ('20220325B', 'Add Default Language', '2025-11-22 10:01:15.548916+00');
INSERT INTO public.directus_migrations (version, name, "timestamp") VALUES ('20220402A', 'Remove Default Value Panel Icon', '2025-11-22 10:01:15.563663+00');
INSERT INTO public.directus_migrations (version, name, "timestamp") VALUES ('20220429A', 'Add Flows', '2025-11-22 10:01:15.634281+00');
INSERT INTO public.directus_migrations (version, name, "timestamp") VALUES ('20220429B', 'Add Color to Insights Icon', '2025-11-22 10:01:15.639893+00');
INSERT INTO public.directus_migrations (version, name, "timestamp") VALUES ('20220429C', 'Drop Non Null From IP of Activity', '2025-11-22 10:01:15.644445+00');
INSERT INTO public.directus_migrations (version, name, "timestamp") VALUES ('20220429D', 'Drop Non Null From Sender of Notifications', '2025-11-22 10:01:15.649278+00');
INSERT INTO public.directus_migrations (version, name, "timestamp") VALUES ('20220614A', 'Rename Hook Trigger to Event', '2025-11-22 10:01:15.65352+00');
INSERT INTO public.directus_migrations (version, name, "timestamp") VALUES ('20220801A', 'Update Notifications Timestamp Column', '2025-11-22 10:01:15.665198+00');
INSERT INTO public.directus_migrations (version, name, "timestamp") VALUES ('20220802A', 'Add Custom Aspect Ratios', '2025-11-22 10:01:15.670221+00');
INSERT INTO public.directus_migrations (version, name, "timestamp") VALUES ('20220826A', 'Add Origin to Accountability', '2025-11-22 10:01:15.679625+00');
INSERT INTO public.directus_migrations (version, name, "timestamp") VALUES ('20230401A', 'Update Material Icons', '2025-11-22 10:01:15.695662+00');
INSERT INTO public.directus_migrations (version, name, "timestamp") VALUES ('20230525A', 'Add Preview Settings', '2025-11-22 10:01:15.700045+00');
INSERT INTO public.directus_migrations (version, name, "timestamp") VALUES ('20230526A', 'Migrate Translation Strings', '2025-11-22 10:01:15.718286+00');
INSERT INTO public.directus_migrations (version, name, "timestamp") VALUES ('20230721A', 'Require Shares Fields', '2025-11-22 10:01:15.725837+00');
INSERT INTO public.directus_migrations (version, name, "timestamp") VALUES ('20230823A', 'Add Content Versioning', '2025-11-22 10:01:15.760462+00');
INSERT INTO public.directus_migrations (version, name, "timestamp") VALUES ('20230927A', 'Themes', '2025-11-22 10:01:15.798981+00');
INSERT INTO public.directus_migrations (version, name, "timestamp") VALUES ('20231009A', 'Update CSV Fields to Text', '2025-11-22 10:01:15.803899+00');
INSERT INTO public.directus_migrations (version, name, "timestamp") VALUES ('20231009B', 'Update Panel Options', '2025-11-22 10:01:15.807739+00');
INSERT INTO public.directus_migrations (version, name, "timestamp") VALUES ('20231010A', 'Add Extensions', '2025-11-22 10:01:15.816952+00');
INSERT INTO public.directus_migrations (version, name, "timestamp") VALUES ('20231215A', 'Add Focalpoints', '2025-11-22 10:01:15.822841+00');
INSERT INTO public.directus_migrations (version, name, "timestamp") VALUES ('20240122A', 'Add Report URL Fields', '2025-11-22 10:01:15.828589+00');
INSERT INTO public.directus_migrations (version, name, "timestamp") VALUES ('20240204A', 'Marketplace', '2025-11-22 10:01:15.872241+00');
INSERT INTO public.directus_migrations (version, name, "timestamp") VALUES ('20240305A', 'Change Useragent Type', '2025-11-22 10:01:15.887126+00');
INSERT INTO public.directus_migrations (version, name, "timestamp") VALUES ('20240311A', 'Deprecate Webhooks', '2025-11-22 10:01:15.907206+00');
INSERT INTO public.directus_migrations (version, name, "timestamp") VALUES ('20240422A', 'Public Registration', '2025-11-22 10:01:15.921006+00');
INSERT INTO public.directus_migrations (version, name, "timestamp") VALUES ('20240515A', 'Add Session Window', '2025-11-22 10:01:15.925683+00');
INSERT INTO public.directus_migrations (version, name, "timestamp") VALUES ('20240701A', 'Add Tus Data', '2025-11-22 10:01:15.930061+00');
INSERT INTO public.directus_migrations (version, name, "timestamp") VALUES ('20240716A', 'Update Files Date Fields', '2025-11-22 10:01:15.939646+00');
INSERT INTO public.directus_migrations (version, name, "timestamp") VALUES ('20240806A', 'Permissions Policies', '2025-11-22 10:01:16.024967+00');
INSERT INTO public.directus_migrations (version, name, "timestamp") VALUES ('20240817A', 'Update Icon Fields Length', '2025-11-22 10:01:16.07504+00');
INSERT INTO public.directus_migrations (version, name, "timestamp") VALUES ('20240909A', 'Separate Comments', '2025-11-22 10:01:16.096138+00');
INSERT INTO public.directus_migrations (version, name, "timestamp") VALUES ('20240909B', 'Consolidate Content Versioning', '2025-11-22 10:01:16.100481+00');
INSERT INTO public.directus_migrations (version, name, "timestamp") VALUES ('20240924A', 'Migrate Legacy Comments', '2025-11-22 10:01:16.108261+00');
INSERT INTO public.directus_migrations (version, name, "timestamp") VALUES ('20240924B', 'Populate Versioning Deltas', '2025-11-22 10:01:16.114332+00');


--
-- Data for Name: directus_notifications; Type: TABLE DATA; Schema: public; Owner: wms_user
--



--
-- Data for Name: directus_operations; Type: TABLE DATA; Schema: public; Owner: wms_user
--



--
-- Data for Name: directus_panels; Type: TABLE DATA; Schema: public; Owner: wms_user
--



--
-- Data for Name: directus_permissions; Type: TABLE DATA; Schema: public; Owner: wms_user
--



--
-- Data for Name: directus_presets; Type: TABLE DATA; Schema: public; Owner: wms_user
--



--
-- Data for Name: directus_relations; Type: TABLE DATA; Schema: public; Owner: wms_user
--



--
-- Data for Name: directus_versions; Type: TABLE DATA; Schema: public; Owner: wms_user
--



--
-- Data for Name: directus_revisions; Type: TABLE DATA; Schema: public; Owner: wms_user
--



--
-- Data for Name: directus_shares; Type: TABLE DATA; Schema: public; Owner: wms_user
--



--
-- Data for Name: directus_sessions; Type: TABLE DATA; Schema: public; Owner: wms_user
--



--
-- Data for Name: directus_settings; Type: TABLE DATA; Schema: public; Owner: wms_user
--



--
-- Data for Name: directus_translations; Type: TABLE DATA; Schema: public; Owner: wms_user
--



--
-- Data for Name: directus_webhooks; Type: TABLE DATA; Schema: public; Owner: wms_user
--



--
-- Name: directus_activity_id_seq; Type: SEQUENCE SET; Schema: public; Owner: wms_user
--

SELECT pg_catalog.setval('public.directus_activity_id_seq', 1, false);


--
-- Name: directus_fields_id_seq; Type: SEQUENCE SET; Schema: public; Owner: wms_user
--

SELECT pg_catalog.setval('public.directus_fields_id_seq', 1, false);


--
-- Name: directus_notifications_id_seq; Type: SEQUENCE SET; Schema: public; Owner: wms_user
--

SELECT pg_catalog.setval('public.directus_notifications_id_seq', 1, false);


--
-- Name: directus_permissions_id_seq; Type: SEQUENCE SET; Schema: public; Owner: wms_user
--

SELECT pg_catalog.setval('public.directus_permissions_id_seq', 1, false);


--
-- Name: directus_presets_id_seq; Type: SEQUENCE SET; Schema: public; Owner: wms_user
--

SELECT pg_catalog.setval('public.directus_presets_id_seq', 1, false);


--
-- Name: directus_relations_id_seq; Type: SEQUENCE SET; Schema: public; Owner: wms_user
--

SELECT pg_catalog.setval('public.directus_relations_id_seq', 1, false);


--
-- Name: directus_revisions_id_seq; Type: SEQUENCE SET; Schema: public; Owner: wms_user
--

SELECT pg_catalog.setval('public.directus_revisions_id_seq', 1, false);


--
-- Name: directus_settings_id_seq; Type: SEQUENCE SET; Schema: public; Owner: wms_user
--

SELECT pg_catalog.setval('public.directus_settings_id_seq', 1, false);


--
-- Name: directus_webhooks_id_seq; Type: SEQUENCE SET; Schema: public; Owner: wms_user
--

SELECT pg_catalog.setval('public.directus_webhooks_id_seq', 1, false);


--
-- PostgreSQL database dump complete
--

\unrestrict tirTTvWoflXCniFLx9s4Vlyx2UhMbx80NO4R9hQVtXu0C5fcr7SvhXBRIAflngu

